-- phpMyAdmin SQL Dump
-- version 4.8.2
-- https://www.phpmyadmin.net/
--
-- Host: 127.0.0.1
-- Generation Time: 06-Out-2019 às 04:05
-- Versão do servidor: 10.1.34-MariaDB
-- PHP Version: 5.6.37

SET SQL_MODE = "NO_AUTO_VALUE_ON_ZERO";
SET AUTOCOMMIT = 0;
START TRANSACTION;
SET time_zone = "+00:00";


/*!40101 SET @OLD_CHARACTER_SET_CLIENT=@@CHARACTER_SET_CLIENT */;
/*!40101 SET @OLD_CHARACTER_SET_RESULTS=@@CHARACTER_SET_RESULTS */;
/*!40101 SET @OLD_COLLATION_CONNECTION=@@COLLATION_CONNECTION */;
/*!40101 SET NAMES utf8mb4 */;

--
-- Database: `avalie-aqui`
--

-- --------------------------------------------------------

--
-- Estrutura da tabela `avaliacao`
--

CREATE TABLE `avaliacao` (
  `data_hora` datetime(6) NOT NULL,
  `nota_comida` int(100) NOT NULL,
  `usuario_id_user` int(11) NOT NULL,
  `restaurante_id_rest` int(80) NOT NULL,
  `nota_ambiente` int(100) NOT NULL,
  `nota_localizacao` int(100) NOT NULL,
  `nota_geral` int(100) NOT NULL,
  `nota_atendimento` int(100) NOT NULL,
  `titulo_comentario` varchar(100) NOT NULL,
  `comentario` varchar(350) NOT NULL
) ENGINE=InnoDB DEFAULT CHARSET=utf8;

--
-- Acionadores `avaliacao`
--
DELIMITER $$
CREATE TRIGGER `avaliacao_AFTER_INSERT` AFTER INSERT ON `avaliacao` FOR EACH ROW BEGIN

END
$$
DELIMITER ;

-- --------------------------------------------------------

--
-- Estrutura da tabela `cidade`
--

CREATE TABLE `cidade` (
  `id_cidade` int(200) NOT NULL,
  `nome` varchar(100) NOT NULL,
  `estado_id_estado` int(11) NOT NULL
) ENGINE=InnoDB DEFAULT CHARSET=utf8;

--
-- Extraindo dados da tabela `cidade`
--

INSERT INTO `cidade` (`id_cidade`, `nome`, `estado_id_estado`) VALUES
(1, 'Abapã (Castro)', 0),
(2, 'Abatiá', 0),
(3, 'Acampamento das Minas (Telêmaco Borba)', 0),
(4, 'Açungui (Rio Branco do Sul)', 0),
(5, 'Adhemar de Barros (Terra Rica)', 0),
(6, 'Adrianópolis', 0),
(7, 'Agostinho (Castro)', 0),
(8, 'Água Azul (Lapa)', 0),
(9, 'Água Boa (Paiçandu)', 0),
(10, 'Água Branca (Guarapuava)', 0),
(11, 'Água Mineral (Guarapuava)', 0),
(12, 'Água Vermelha (Castro)', 0),
(13, 'Agudos do Sul', 0),
(14, 'Alecrim (Curiúva)', 0),
(15, 'Alexandra (Paranaguá)', 0),
(16, 'Almirante Tamandaré', 0),
(17, 'Altamira do Paraná', 0),
(18, 'Altaneira (Maringá)', 0),
(19, 'Alto Alegre (Colorado)', 0),
(20, 'Alto Alegre (Umuarama)', 0),
(21, 'Alto Alegre do Iguaçu (Capitão Leônidas Marques)', 0),
(22, 'Alto Amparo (Telêmaco Borba)', 0),
(23, 'Alto do Amparo (Tibagi)', 0),
(24, 'Alto Pará (Cascavel)', 0),
(25, 'Alto Paraná', 0),
(26, 'Alto Piquiri', 0),
(27, 'Alto Porã (Ivaiporã)', 0),
(28, 'Alto Sabiá (Guarapuava)', 0),
(29, 'Alto Santa Fé (Nova Santa Rosa)', 0),
(30, 'Alto São João (Roncador)', 0),
(31, 'Altônia', 0),
(32, 'Alvorada do Iguaçu (Foz do Iguaçu)', 0),
(33, 'Alvorada do Sul', 0),
(34, 'Amaporã', 0),
(35, 'Amorinha (Ibaiti)', 0),
(36, 'Ampére', 0),
(37, 'Anahy', 0),
(38, 'Andirá', 0),
(39, 'Andorinhas (Castro)', 0),
(40, 'Angai (Fernandes Pinheiro)', 0),
(41, 'Ângulo', 0),
(42, 'Antas (Laranjeiras do Sul)', 0),
(43, 'Antas (Telêmaco Borba)', 0),
(44, 'Antonina', 0),
(45, 'Antônio Brandão de Oliveira (Jataizinho)', 0),
(46, 'Antônio Olinto', 0),
(47, 'Anunciação (Santa Izabel do Oeste)', 0),
(48, 'Aparecida do Oeste (Tuneiras do Oeste)', 0),
(49, 'Apiaba (Imbituva)', 0),
(50, 'Apucarana', 0),
(51, 'Aquidaban (Marialva)', 0),
(52, 'Aranha (Colombo)', 0),
(53, 'Arapongas', 0),
(54, 'Arapoti', 0),
(55, 'Arapuã', 0),
(56, 'Arapuan (Janiópolis)', 0),
(57, 'Ararapira (Guaraqueçaba)', 0),
(58, 'Araruna', 0),
(59, 'Araucária', 0),
(60, 'Areia Branca dos Assis (Mandirituba)', 0),
(61, 'Areias (Castro)', 0),
(62, 'Aricanduva (Arapongas)', 0),
(63, 'Ariranha do Ivaí', 0),
(64, 'Aroeira (Cascavel)', 0),
(65, 'Arquimedes (Cascavel)', 0),
(66, 'Assaí', 0),
(67, 'Assis Chateaubriand', 0),
(68, 'Astorga', 0),
(69, 'Atalaia', 0),
(70, 'Aurora do Iguaçu (São Miguel do Iguaçu)', 0),
(71, 'Bairro Cachoeira (Guarapuava)', 0),
(72, 'Bairro do Felisberto (Telêmaco Borba)', 0),
(73, 'Bairro Limoeiro (Londrina)', 0),
(74, 'Balsa Nova', 0),
(75, 'Bandeirantes', 0),
(76, 'Bandeirantes d.Oeste (4º Centenário)', 0),
(77, 'Banhado (Guarapuava)', 0),
(78, 'Barão de Lucena (Nova Esperança)', 0),
(79, 'Barbosa Ferraz', 0),
(80, 'Barra Bonita (Francisco Beltrão)', 0),
(81, 'Barra Bonita (Mato Rico)', 0),
(82, 'Barra do Jacaré', 0),
(83, 'Barra Grande (Itapejara d.Oeste)', 0),
(84, 'Barra Grande (Planalto)', 0),
(85, 'Barra Grande (Ponta Grossa)', 0),
(86, 'Barra Santa Salete (Manoel Ribas)', 0),
(87, 'Barracão', 0),
(88, 'Barras (Campo Mourão)', 0),
(89, 'Barreiro (Cascavel)', 0),
(90, 'Barreiro (Guarapuava)', 0),
(91, 'Barreiro (Ortigueira)', 0),
(92, 'Barreiro das Frutas (Campo Mourão)', 0),
(93, 'Barreiros (Apucarana)', 0),
(94, 'Barrinha (Castro)', 0),
(95, 'Barro Preto (Cascavel)', 0),
(96, 'Barro Preto (Londrina)', 0),
(97, 'Barro Preto (São José dos Pinhais)', 0),
(98, 'Bateias (Campo Largo)', 0),
(99, 'Baulândia (Renascença)', 0),
(100, 'Bela Vista (Guaraniaçu)', 0),
(101, 'Bela Vista (Manoel Ribas)', 0),
(102, 'Bela Vista do Caroba', 0),
(103, 'Bela Vista do Ivaí (Fênix)', 0),
(104, 'Bela Vista do Paraíso', 0),
(105, 'Bela Vista do Piquiri (Campina da Lagoa)', 0),
(106, 'Bela Vista do Tapiracui (Tapejara)', 0),
(107, 'Bentópolis (Guaraci)', 0),
(108, 'Bernardelli (Rondon)', 0),
(109, 'Betaras (Almirante Tamandaré)', 0),
(110, 'Bituruna', 0),
(111, 'Boa Esperança', 0),
(112, 'Boa Esperança (Campo Mourão)', 0),
(113, 'Boa Esperança do Iguaçu', 0),
(114, 'Boa Ventura de São Roque', 0),
(115, 'Boa Vista (Campo Largo)', 0),
(116, 'Boa Vista (Pato Branco)', 0),
(117, 'Boa Vista (Ponta Grossa)', 0),
(118, 'Boa Vista (Toledo)', 0),
(119, 'Boa Vista (Nova Tebas)', 0),
(120, 'Boa Vista da Aparecida', 0),
(121, 'Bocaina (Ponta Grossa)', 0),
(122, 'Bocaiúva do Sul', 0),
(123, 'Bom Jardim do Sul (Ivaí)', 0),
(124, 'Bom Jesus do Sul', 0),
(125, 'Bom Progresso (Sabáudia)', 0),
(126, 'Bom Retiro (Cascavel)', 0),
(127, 'Bom Retiro (Guarapuava)', 0),
(128, 'Bom Retiro (Pato Branco)', 0),
(129, 'Bom Retiro (Pinhão)', 0),
(130, 'Bom Sucesso', 0),
(131, 'Bom Sucesso (Guarapuava)', 0),
(132, 'Bom Sucesso do Sul', 0),
(133, 'Borda do Campo (Quatro Barras)', 0),
(134, 'Borman (Guaraniaçu)', 0),
(135, 'Borrazópolis', 0),
(136, 'Botuquara (Ponta Grossa)', 0),
(137, 'Bourbonia (Barbosa Ferraz)', 0),
(138, 'Braganey', 0),
(139, 'Bragantina (Assis Chateaubriand)', 0),
(140, 'Brasilândia do Sul', 0),
(141, 'Bugre (Balsa Nova)', 0),
(142, 'Bulcão (Castro)', 0),
(143, 'Cabrito (Paranavaí)', 0),
(144, 'Cacatu (Antonina)', 0),
(145, 'Cachoeira (Cascavel)', 0),
(146, 'Cachoeira de Cima (Antonina)', 0),
(147, 'Cachoeira de São José (São José dos Pinhais)', 0),
(148, 'Cachoeira do Espírito Santo (Ribeirão Claro)', 0),
(149, 'Cachoeirinha (Guarapuava)', 0),
(150, 'Cachoeirinha (Pato Branco)', 0),
(151, 'Cadeadinho (Irati)', 0),
(152, 'Caetano Mendes (Tibagi)', 0),
(153, 'Cafeara', 0),
(154, 'Cafeeiros (Cruzeiro do Oeste)', 0),
(155, 'Cafelândia', 0),
(156, 'Cafezal do Sul', 0),
(157, 'Caitá (São Mateus do Sul)', 0),
(158, 'Califórnia', 0),
(159, 'Calógeras (Arapoti)', 0),
(160, 'Cambará', 0),
(161, 'Cambé', 0),
(162, 'Cambiju (Ponta Grossa)', 0),
(163, 'Cambira', 0),
(164, 'Campestrinho (Araucária)', 0),
(165, 'Campina (Campo Largo)', 0),
(166, 'Campina (Guarapuava)', 0),
(167, 'Campina (São José dos Pinhais)', 0),
(168, 'Campina da Lagoa', 0),
(169, 'Campina do Miranguava (São José dos Pinhais)', 0),
(170, 'Campina do Simão', 0),
(171, 'Campina dos Furtados (São José dos Pinhais)', 0),
(172, 'Campina Grande do Sul', 0),
(173, 'Campinas (Campo Largo)', 0),
(174, 'Campo Bonito', 0),
(175, 'Campo do Meio (Ponta Grossa)', 0),
(176, 'Campo do Tenente', 0),
(177, 'Campo Largo', 0),
(178, 'Campo Largo da Roseira (São José dos Pinhais)', 0),
(179, 'Campo Magro', 0),
(180, 'Campo Mourão', 0),
(181, 'Cândido de Abreu', 0),
(182, 'Candói', 0),
(183, 'Canela (Renascença)', 0),
(184, 'Cantagalo', 0),
(185, 'Canzianópolis (Pranchita)', 0),
(186, 'Capanema', 0),
(187, 'Capão Alto (Castro)', 0),
(188, 'Capão Alto (Guarapuava)', 0),
(189, 'Capão Bonito (Guarapuava)', 0),
(190, 'Capão da Lagoa (Guarapuava)', 0),
(191, 'Capão Grande (Ponta Grossa)', 0),
(192, 'Capão Rico (Guarapuava)', 0),
(193, 'Capitão Leônidas Marques', 0),
(194, 'Capivara (Almirante Tamandaré)', 0),
(195, 'Capoeirinha (Castro)', 0),
(196, 'Cara Pintado (Guarapuava)', 0),
(197, 'Cará-Cará (Ponta Grossa)', 0),
(198, 'Carajá (Jesuítas)', 0),
(199, 'Carambeí', 0),
(200, 'Caramuru (Cambé)', 0),
(201, 'Caratuva (Arapoti)', 0),
(202, 'Carazinho (Ponta Grossa)', 0),
(203, 'Carbonera (Maria Helena)', 0),
(204, 'Carlópolis', 0),
(205, 'Casa Nova (Castro)', 0),
(206, 'Cascatinha (Cambé)', 0),
(207, 'Cascavel', 0),
(208, 'Castro', 0),
(209, 'Catanduvas', 0),
(210, 'Catanduvas (Castro)', 0),
(211, 'Catanduvas do Sul (Contenda)', 0),
(212, 'Catarinenses (Paranavaí)', 0),
(213, 'Caxambu (Castro)', 0),
(214, 'Centenário (Ponta Grossa)', 0),
(215, 'Centenário do Sul', 0),
(216, 'Central Lupion (Cascavel)', 0),
(217, 'Centralito (Cascavel)', 0),
(218, 'Centro Novo (Planalto)', 0),
(219, 'Cerne (Campo Largo)', 0),
(220, 'Cerrado Grande (Ponta Grossa)', 0),
(221, 'Cerro Azul', 0),
(222, 'Cerro Velho (Ponta Grossa)', 0),
(223, 'Céu Azul', 0),
(224, 'Chopinzinho', 0),
(225, 'Cianorte', 0),
(226, 'Cidade Gaúcha', 0),
(227, 'Cintra Pimentel (Nova Londrina)', 0),
(228, 'Clevelândia', 0),
(229, 'Coitinho (Guarapuava)', 0),
(230, 'Colombo', 0),
(231, 'Colônia Acioli (São José dos Pinhais)', 0),
(232, 'Colônia Castelhanos (São José dos Pinhais)', 0),
(233, 'Colônia Castrolânda (Castro)', 0),
(234, 'Colônia Centenário (Cascavel)', 0),
(235, 'Colônia Cristina (Araucária)', 0),
(236, 'Colônia Dom Carlos (Pato Branco)', 0),
(237, 'Colônia Esperança (Cascavel)', 0),
(238, 'Colônia General Carneiro (General Carneiro)', 0),
(239, 'Colônia Iapó (Castro)', 0),
(240, 'Colônia Melissa (Cascavel)', 0),
(241, 'Colônia Murici (São José dos Pinhais)', 0),
(242, 'Colônia Padre Paulo (Agudos do Sul)', 0),
(243, 'Colônia Pereira (Paranaguá)', 0),
(244, 'Colônia Santos Andrade (São José dos Pinhais)', 0),
(245, 'Colônia São José (Cascavel)', 0),
(246, 'Colônia Sapucaí (Cascavel)', 0),
(247, 'Colônia Saúde (Londrina)', 0),
(248, 'Colônia Tapera (Ponta Grossa)', 0),
(249, 'Colorado', 0),
(250, 'Comur (Planaltina do Paraná)', 0),
(251, 'Conceição (Castro)', 0),
(252, 'Conchas Velhas (Ponta Grossa)', 0),
(253, 'Conciolândia (Pérola d.Oeste)', 0),
(254, 'Congonhas (Cornélio Procópio)', 0),
(255, 'Congonhinhas', 0),
(256, 'Conselheiro Mairinck', 0),
(257, 'Conselheiro Zacarias (Santo Antônio da Platina)', 0),
(258, 'Contenda', 0),
(259, 'Copacabana do Norte (São Jorge do Ivaí)', 0),
(260, 'Corbélia', 0),
(261, 'Cornélio Procópio', 0),
(262, 'Coronel Domingos Soares', 0),
(263, 'Coronel Firmino Martins (Clevelândia)', 0),
(264, 'Coronel Vivida', 0),
(265, 'Correia de Freitas (Apucarana)', 0),
(266, 'Corumbataí do Sul', 0),
(267, 'Corvo (Guarapuava)', 0),
(268, 'Costeira (Araucária)', 0),
(269, 'Covó (Mangueirinha)', 0),
(270, 'Coxilha Rica (Itapejara d.Oeste)', 0),
(271, 'Cristo Rei (Capanema)', 0),
(272, 'Cristo Rei (Paranavaí)', 0),
(273, 'Cruz Machado', 0),
(274, 'Cruzeiro do Iguaçu', 0),
(275, 'Cruzeiro do Norte (Uraí)', 0),
(276, 'Cruzeiro do Oeste', 0),
(277, 'Cruzeiro do Sul', 0),
(278, 'Cruzmaltina', 0),
(279, 'Cunhaporanga (Castro)', 0),
(280, 'Curitiba', 0),
(281, 'Curiúva', 0),
(282, 'Curucaca (Guarapuava)', 0),
(283, 'Deputado José Afonso (Paranavaí)', 0),
(284, 'Despique (São José dos Pinhais)', 0),
(285, 'Dez de Maio (Toledo)', 0),
(286, 'Diamante D.Oeste', 0),
(287, 'Diamante do Norte', 0),
(288, 'Diamante do Sul', 0),
(289, 'Doce Grande (Quitandinha)', 0),
(290, 'Dois Irmãos (São João)', 0),
(291, 'Dois Irmãos (Toledo)', 0),
(292, 'Dois Marcos (Toledo)', 0),
(293, 'Dois Vizinhos', 0),
(294, 'Dom Rodrigo (Campo Largo)', 0),
(295, 'Dorizon (Mallet)', 0),
(296, 'Douradina', 0),
(297, 'Doutor Antônio Paranhos (São Jorge D.Oeste)', 0),
(298, 'Doutor Camargo', 0),
(299, 'Doutor Ernesto (Toledo)', 0),
(300, 'Doutor Oliveira Castro (Guaíra)', 0),
(301, 'Doutor Ulysses', 0),
(302, 'Eduardo Xavier da Silva (Jaguariaíva)', 0),
(303, 'Emboguaçu (Paranaguá)', 0),
(304, 'Emboque (Piraquara)', 0),
(305, 'Emboque (São José dos Pinhais)', 0),
(306, 'Encantado d.Oeste (Assis Chateaubriand)', 0),
(307, 'Encruzilhada (Guarapuava)', 0),
(308, 'Encruzilhada (Pato Branco)', 0),
(309, 'Enéas Marques', 0),
(310, 'Engenheiro Beltrão', 0),
(311, 'Entre Rios (Guarapuava)', 0),
(312, 'Entre Rios do Oeste', 0),
(313, 'Esperança do Norte (Alvorada do Sul)', 0),
(314, 'Esperança Nova', 0),
(315, 'Espigão Alto do Iguaçu', 0),
(316, 'Espírito Santo (Londrina)', 0),
(317, 'Estação General Lúcio (Araucária)', 0),
(318, 'Estação Roça Nova (Piraquara)', 0),
(319, 'Europa (Paranaguá)', 0),
(320, 'Euzébio de Oliveira (Ibaiti)', 0),
(321, 'Faisqueira (Telêmaco Borba)', 0),
(322, 'Farol', 0),
(323, 'Faxina (São José dos Pinhais)', 0),
(324, 'Faxinal', 0),
(325, 'Faxinal do Céu (Pinhão)', 0),
(326, 'Faxinal dos Elias (Guarapuava)', 0),
(327, 'Faxinal Santa Cruz (Ponta Grossa)', 0),
(328, 'Fazenda do Brigadeiro (Cascavel)', 0),
(329, 'Fazenda dos Barbosas (Guarapuava)', 0),
(330, 'Fazenda Jangada (Cascavel)', 0),
(331, 'Fazenda Rio Grande', 0),
(332, 'Fazenda Salmo 23 (Umuarama)', 0),
(333, 'Fazendinha (Francisco Beltrão)', 0),
(334, 'Felpudo (Campo Largo)', 0),
(335, 'Fênix', 0),
(336, 'Fernandes Pinheiro', 0),
(337, 'Fernão Dias (Munhoz de Melo)', 0),
(338, 'Ferraria (Campo Largo)', 0),
(339, 'Ferreiras (Ponta Grossa)', 0),
(340, 'Figueira', 0),
(341, 'Figueira do Oeste (Engenheiro Beltrão)', 0),
(342, 'Fiusas (Guarapuava)', 0),
(343, 'Flor da Serra (Serranópolis do Iguaçu)', 0),
(344, 'Flor da Serra do Sul', 0),
(345, 'Floraí', 0),
(346, 'Floresta', 0),
(347, 'Florestópolis', 0),
(348, 'Floriano (Maringá)', 0),
(349, 'Flórida', 0),
(350, 'Florópolis (Paranacity)', 0),
(351, 'Fluviópolis (São Mateus do Sul)', 0),
(352, 'Formigone (Umuarama)', 0),
(353, 'Formosa do Oeste', 0),
(354, 'Foz do Iguaçu', 0),
(355, 'Foz do Jordão', 0),
(356, 'Francisco Alves', 0),
(357, 'Francisco Beltrão', 0),
(358, 'Francisco Frederico Teixeira Guimarães (Palmas)', 0),
(359, 'Frei Timóteo (Jataizinho)', 0),
(360, 'Fueros (Guarapuava)', 0),
(361, 'Fundão (Castro)', 0),
(362, 'Gamadinho (Cascavel)', 0),
(363, 'Gamela (São José dos Pinhais)', 0),
(364, 'Gaúcha (Francisco Beltrão)', 0),
(365, 'Gavião (Laranjeiras do Sul)', 0),
(366, 'Gavião (Salto do Lontra)', 0),
(367, 'General Carneiro', 0),
(368, 'General Osório (Toledo)', 0),
(369, 'Geremia Lunardelli (Nova Cantu)', 0),
(370, 'Godoy Moreira', 0),
(371, 'Goioerê', 0),
(372, 'Goioxim', 0),
(373, 'Góis (Guarapuava)', 0),
(374, 'Gonçalves Júnior (Irati)', 0),
(375, 'Graciosa (Paranavaí)', 0),
(376, 'Grandes Rios', 0),
(377, 'Guaiporã (Cafezal do Sul)', 0),
(378, 'Guaíra', 0),
(379, 'Guairaçá', 0),
(380, 'Guairaçá (Guarapuava)', 0),
(381, 'Guairaçá (Londrina)', 0),
(382, 'Guajuvira (Araucária)', 0),
(383, 'Guamiranga', 0),
(384, 'Guamirim (Irati)', 0),
(385, 'Guapirama', 0),
(386, 'Guaporé (Guaraniaçu)', 0),
(387, 'Guaporema', 0),
(388, 'Guará (Guarapuava)', 0),
(389, 'Guaraci', 0),
(390, 'Guaragi (Ponta Grossa)', 0),
(391, 'Guaraituba (Colombo)', 0),
(392, 'Guarani (Nova Laranjeiras)', 0),
(393, 'Guaraniaçu', 0),
(394, 'Guarapuava', 0),
(395, 'Guarapuavinha (Francisco Beltrão)', 0),
(396, 'Guaraqueçaba', 0),
(397, 'Guararema (Castro)', 0),
(398, 'Guaratuba', 0),
(399, 'Guaraúna (Teixeira Soares)', 0),
(400, 'Guaravera (Londrina)', 0),
(401, 'Guardamoria (Telêmaco Borba)', 0),
(402, 'Harmonia (Telêmaco Borba)', 0),
(403, 'Herculândia (Ivaté)', 0),
(404, 'Herval Grande (Laranjeiras do Sul)', 0),
(405, 'Herveira (Campina da Lagoa)', 0),
(406, 'Herveira (Nova Laranjeiras)', 0),
(407, 'Hidrelétrica Itaipu (Foz do Iguaçu)', 0),
(408, 'Honório Serpa', 0),
(409, 'Iarama (Umuarama)', 0),
(410, 'Ibaiti', 0),
(411, 'Ibema', 0),
(412, 'Ibiaci (Primeiro de Maio)', 0),
(413, 'Ibiporã', 0),
(414, 'Içara (Astorga)', 0),
(415, 'Icaraíma', 0),
(416, 'Icatu (Querência do Norte)', 0),
(417, 'Igrejinha (Guarapuava)', 0),
(418, 'Iguaraçu', 0),
(419, 'Iguatemi (Maringá)', 0),
(420, 'Iguatu', 0),
(421, 'Iguiporã (Marechal Cândido Rondon)', 0),
(422, 'Ilha do Mel (Paranaguá)', 0),
(423, 'Ilha dos Valadares (Paranaguá)', 0),
(424, 'Imbaú', 0),
(425, 'Imbauzinho (Telêmaco Borba)', 0),
(426, 'Imbituva', 0),
(427, 'Inácio Martins', 0),
(428, 'Inajá', 0),
(429, 'Independência (Pato Branco)', 0),
(430, 'Indianópolis', 0),
(431, 'Inspetor Carvalho (São José dos Pinhais)', 0),
(432, 'Invernada (Castro)', 0),
(433, 'Invernadinha (Guarapuava)', 0),
(434, 'Iolópolis (São Jorge D.Oeste)', 0),
(435, 'Ipiranga', 0),
(436, 'Ipiranga (Araucária)', 0),
(437, 'Vila Ipiranga (Toledo)', 0),
(438, 'Iporã', 0),
(439, 'Iracema do Oeste', 0),
(440, 'Irapuan (Quinta do Sol)', 0),
(441, 'Irati', 0),
(442, 'Irerê (Londrina)', 0),
(443, 'Iretama', 0),
(444, 'Itaguajé', 0),
(445, 'Itaiacoca (Ponta Grossa)', 0),
(446, 'Itaipulândia', 0),
(447, 'Itambaracá', 0),
(448, 'Itambé', 0),
(449, 'Itambé (Campo Largo)', 0),
(450, 'Itapanhacanga (Castro)', 0),
(451, 'Itapara (Irati)', 0),
(452, 'Itapejara d.Oeste', 0),
(453, 'Itaperuçu', 0),
(454, 'Itaqui (Campo Largo)', 0),
(455, 'Itaúna do Sul', 0),
(456, 'Itinga (Paranaguá)', 0),
(457, 'Ivaí', 0),
(458, 'Ivailândia (Engenheiro Beltrão)', 0),
(459, 'Ivaiporã', 0),
(460, 'Ivaitinga (Nova Esperança)', 0),
(461, 'Ivaté', 0),
(462, 'Ivatuba', 0),
(463, 'Jaborandi (Umuarama)', 0),
(464, 'Jaboti', 0),
(465, 'Jaboticabal (Ponta Grossa)', 0),
(466, 'Jaburu (Ponta Grossa)', 0),
(467, 'Jacaré (Francisco Beltrão)', 0),
(468, 'Jacarezinho', 0),
(469, 'Jaciaba (Prudentópolis)', 0),
(470, 'Jacutinga (Francisco Beltrão)', 0),
(471, 'Jacutinga (Goioxim)', 0),
(472, 'Jacutinga (Ivaiporã)', 0),
(473, 'Jacutinga (Santa Izabel do Oeste)', 0),
(474, 'Jaguapitã', 0),
(475, 'Jaguariaíva', 0),
(476, 'Jandaia do Sul', 0),
(477, 'Jangada (Cafezal do Sul)', 0),
(478, 'Jangada do Sul (General Carneiro)', 0),
(479, 'Janiópolis', 0),
(480, 'Japira', 0),
(481, 'Japurá', 0),
(482, 'Jaracatiá (Goioerê)', 0),
(483, 'Jardim (Londrina)', 0),
(484, 'Jardim Alegre', 0),
(485, 'Jardim Olinda', 0),
(486, 'Jardim Paredão (Altônia)', 0),
(487, 'Jandinópolis (Leópolis)', 0),
(488, 'Jataizinho', 0),
(489, 'Javacaé (Campo Largo)', 0),
(490, 'Jesuítas', 0),
(491, 'Joá (Joaquim Távora)', 0),
(492, 'Joaquim Távora', 0),
(493, 'Jordãozinho (Guarapuava)', 0),
(494, 'José Lacerda (Reserva)', 0),
(495, 'Juciara (Kaloré)', 0),
(496, 'Jundiaí do Sul', 0),
(497, 'Juranda', 0),
(498, 'Jussara', 0),
(499, 'Juvinópolis (Cascavel)', 0),
(500, 'Kaloré', 0),
(501, 'km 30 (Telêmaco Borba)', 0),
(502, 'Lagoa (Castro)', 0),
(503, 'Lagoa (Telêmaco Borba)', 0),
(504, 'Lagoa Bonita (Castro)', 0),
(505, 'Lagoa dos Ribas (Castro)', 0),
(506, 'Lagoa Dourada (Ponta Grossa)', 0),
(507, 'Lagoa Seca (Guarapuava)', 0),
(508, 'Lagoa Verde (Quitandinha)', 0),
(509, 'Lagoinha (Telêmaco Borba)', 0),
(510, 'Lajeado (Castro)', 0),
(511, 'Lajeado (Ponta Grossa)', 0),
(512, 'Lajeado (São Mateus do Sul)', 0),
(513, 'Lajeado Bonito (Ortigueira)', 0),
(514, 'Lajeado Grande (Guarapuava)', 0),
(515, 'Lambari (Sapopema)', 0),
(516, 'Lapa', 0),
(517, 'Laranja Azeda (Telêmaco Borba)', 0),
(518, 'Laranjal', 0),
(519, 'Laranjeiras do Sul', 0),
(520, 'Lavra (Campo Largo)', 0),
(521, 'Lavrinha (Guarapuava)', 0),
(522, 'Lavrinha (Pinhalão)', 0),
(523, 'Leópolis', 0),
(524, 'Lerroville (Londrina)', 0),
(525, 'Lidianópolis', 0),
(526, 'Lindoeste', 0),
(527, 'Linha Giacomini (Toledo)', 0),
(528, 'Loanda', 0),
(529, 'Lobato', 0),
(530, 'Londrina', 0),
(531, 'Lopei (Toledo)', 0),
(532, 'Lovat (Umuarama)', 0),
(533, 'Luar (São João do Ivaí)', 0),
(534, 'Luiziana', 0),
(535, 'Lunardelli', 0),
(536, 'Lupionópolis', 0),
(537, 'Macaco (Castro)', 0),
(538, 'Macucos (Guarapuava)', 0),
(539, 'Mairá (Lupionópolis)', 0),
(540, 'Maitá (Guarapuava)', 0),
(541, 'Mallet', 0),
(542, 'Malu (Terra Boa)', 0),
(543, 'Mamborê', 0),
(544, 'Mandaçaia (Guarapuava)', 0),
(545, 'Mandaguaçu', 0),
(546, 'Mandaguari', 0),
(547, 'Mandiocaba (Paranavaí)', 0),
(548, 'Mandirituba', 0),
(549, 'Manfrinópolis', 0),
(550, 'Mangueirinha', 0),
(551, 'Manoel Ribas', 0),
(552, 'Marabá (Tuneiras do Oeste)', 0),
(553, 'Maracanã (Castro)', 0),
(554, 'Marajó (Nova Aurora)', 0),
(555, 'Maravilha (Londrina)', 0),
(556, 'Maravilha (Realeza)', 0),
(557, 'Marcelino (São José dos Pinhais)', 0),
(558, 'Marcionópolis (Santo Antônio do Sudoeste)', 0),
(559, 'Marechal Cândido Rondon', 0),
(560, 'Margarida (Marechal Cândido Rondon)', 0),
(561, 'Maria Helena', 0),
(562, 'Maria Luiza (Paranaguá)', 0),
(563, 'Marialva', 0),
(564, 'Mariental (Lapa)', 0),
(565, 'Marilândia do Sul', 0),
(566, 'Marilena', 0),
(567, 'Marilu (Iretama)', 0),
(568, 'Mariluz', 0),
(569, 'Marimbondo (Siqueira Campos)', 0),
(570, 'Maringá', 0),
(571, 'Mariópolis', 0),
(572, 'Maripá', 0),
(573, 'Maristela (Alto Paraná)', 0),
(574, 'Mariza (São Pedro do Ivaí)', 0),
(575, 'Marmelândia (Realeza)', 0),
(576, 'Marmeleiro', 0),
(577, 'Marquês de Abrantes (Tunas do Paraná)', 0),
(578, 'Marquinho', 0),
(579, 'Marrecas (Guarapuava)', 0),
(580, 'Martins (Araucária)', 0),
(581, 'Marumbi', 0),
(582, 'Matelândia', 0),
(583, 'Matinhos', 0),
(584, 'Matinhos (Guarapuava)', 0),
(585, 'Mato Queimado (Ponta Grossa)', 0),
(586, 'Mato Rico', 0),
(587, 'Mauá da Serra', 0),
(588, 'Medianeira', 0),
(589, 'Meia-Lua (Almirante Tamandaré)', 0),
(590, 'Memória (Toledo)', 0),
(591, 'Mendeslândia (Nossa Senhora das Graças)', 0),
(592, 'Mercedes', 0),
(593, 'Mirador', 0),
(594, 'Miranda (Telêmaco Borba)', 0),
(595, 'Mirante do Piquiri (Alto Piquiri)', 0),
(596, 'Miraselva', 0),
(597, 'Missal', 0),
(598, 'Monjolinho (Ortigueira)', 0),
(599, 'Monte Real (Santo Antônio da Platina)', 0),
(600, 'Moreira Sales', 0),
(601, 'Morretes', 0),
(602, 'Morro Alto (São José dos Pinhais)', 0),
(603, 'Morro Inglês (Paranaguá)', 0),
(604, 'Munhoz de Melo', 0),
(605, 'Natingui (Ortigueira)', 0),
(606, 'Nilza (Iporã)', 0),
(607, 'Nordestina (Amaporã)', 0),
(608, 'Nossa Senhora Aparecida (Andirá)', 0),
(609, 'Nossa Senhora da Aparecida (Rolândia)', 0),
(610, 'Nossa Senhora da Candelária (Bandeirantes)', 0),
(611, 'Nossa Senhora das Graças', 0),
(612, 'Nossa Senhora de Lourdes (Cascavel)', 0),
(613, 'Nossa Senhora do Carmo (Pato Branco)', 0),
(614, 'Nova Aliança do Ivaí', 0),
(615, 'Nova Altamira (Faxinal)', 0),
(616, 'Nova América da Colina', 0),
(617, 'Nova Amoreira (Marilândia do Sul)', 0),
(618, 'Nova Aurora', 0),
(619, 'Nova Bilac (Floraí)', 0),
(620, 'Nova Brasília (Araruna)', 0),
(621, 'Nova Brasília (Toledo)', 0),
(622, 'Nova Brasília do Itararé (Carlópolis)', 0),
(623, 'Nova Cantu', 0),
(624, 'Nova Concórdia (Francisco Beltrão)', 0),
(625, 'Nova Concórdia (Toledo)', 0),
(626, 'Nova Esperança', 0),
(627, 'Nova Esperança do Sudoeste', 0),
(628, 'Nova Fátima', 0),
(629, 'Nova Laranjeiras', 0),
(630, 'Nova Londrina', 0),
(631, 'Nova Lourdes (São João)', 0),
(632, 'Nova Olímpia', 0),
(633, 'Nova Prata do Iguaçu', 0),
(634, 'Nova Riqueza (Pinhal de São Bento)', 0),
(635, 'Nova Santa Bárbara', 0),
(636, 'Nova Santa Rosa', 0),
(637, 'Nova Tebas', 0),
(638, 'Nova Tirol (Piraquara)', 0),
(639, 'Nova Videira (Toledo)', 0),
(640, 'Novo Horizonte (Cascavel)', 0),
(641, 'Novo Horizonte (Marechal Cândido Rondon)', 0),
(642, 'Novo Itacolomi', 0),
(643, 'Novo Jardim (Japira)', 0),
(644, 'Novo Sarandi (Toledo)', 0),
(645, 'Novo Sobradinho (Toledo)', 0),
(646, 'Novo Três Passos (Marechal Cândido Rondon)', 0),
(647, 'Olaria (Cascavel)', 0),
(648, 'Olaria (Telêmaco Borba)', 0),
(649, 'Olho Agudo (São José dos Pinhais)', 0),
(650, 'Olho d.Água (Castro)', 0),
(651, 'Oroité (Iporã)', 0),
(652, 'Ortigueira', 0),
(653, 'Ourilândia (Barbosa Ferraz)', 0),
(654, 'Ourizona', 0),
(655, 'Ouro Verde do Oeste', 0),
(656, 'Ouro Verde do Piquiri (Corbélia)', 0),
(657, 'Padre Ponciano (Coronel Domingos Soares)', 0),
(658, 'Paiçandu', 0),
(659, 'Paiol de Baixo (Campina Grande do Sul)', 0),
(660, 'Paiol Queimado (Castro)', 0),
(661, 'Paiquerê (Londrina)', 0),
(662, 'Palmas', 0),
(663, 'Palmeira', 0),
(664, 'Palmeirinha (Castro)', 0),
(665, 'Palmeirinha (Guarapuava)', 0),
(666, 'Palmira (São João do Triunfo)', 0),
(667, 'Palmital', 0),
(668, 'Palmital (Castro)', 0),
(669, 'Palmital de São Silvestre (Campo Largo)', 0),
(670, 'Palmitópolis (Nova Aurora)', 0),
(671, 'Palotina', 0),
(672, 'Panema (Santa Mariana)', 0),
(673, 'Pangaré (Quitandinha)', 0),
(674, 'Papagaios Novos (Palmeira)', 0),
(675, 'Paraíso do Norte', 0),
(676, 'Paraná d.Oeste (Moreira Sales)', 0),
(677, 'Paranacity', 0),
(678, 'Paranagi (Sertaneja)', 0),
(679, 'Paranaguá', 0),
(680, 'Paranapoema', 0),
(681, 'Paranavaí', 0),
(682, 'Passa Una (Araucária)', 0),
(683, 'Passo da Ilha (Pato Branco)', 0),
(684, 'Passo dos Pupos (Ponta Grossa)', 0),
(685, 'Passo Fundo (Campo Largo)', 0),
(686, 'Passo Liso (Laranjeiras do Sul)', 0),
(687, 'Pato Bragado', 0),
(688, 'Pato Branco', 0),
(689, 'Patos Velhos (Prudentópolis)', 0),
(690, 'Pau d.Alho do Sul (Assaí)', 0),
(691, 'Paula Freitas', 0),
(692, 'Paulistânia (Alto Piquiri)', 0),
(693, 'Paulo Frontin', 0),
(694, 'Peabiru', 0),
(695, 'Pedra Branca do Araraquara (Guaratuba)', 0),
(696, 'Pedras (Castro)', 0),
(697, 'Pedro Lustosa (Reserva do Iguaçu)', 0),
(698, 'Pelado (Guarapuava)', 0),
(699, 'Perobal', 0),
(700, 'Pérola', 0),
(701, 'Pérola d.Oeste', 0),
(702, 'Pérola Independente (Maripá)', 0),
(703, 'Piassuguera (Paranaguá)', 0),
(704, 'Piên', 0),
(705, 'Pinaré (Cruz Machado)', 0),
(706, 'Pinhais', 0),
(707, 'Pinhal de São Bento', 0),
(708, 'Pinhalão', 0),
(709, 'Pinhalzinho (Apucarana)', 0),
(710, 'Pinhalzinho (Cascavel)', 0),
(711, 'Pinhalzinho (Enéas Marques)', 0),
(712, 'Pinhalzinho (Goioxim)', 0),
(713, 'Pinhalzinho (Pinhão)', 0),
(714, 'Pinhão', 0),
(715, 'Pinheiro (Capanema)', 0),
(716, 'Piquirivaí (Campo Mourão)', 0),
(717, 'Piracema (Paranavaí)', 0),
(718, 'Piraí do Sul', 0),
(719, 'Pirapó (Apucarana)', 0),
(720, 'Piraquara', 0),
(721, 'Piriquitos (Ponta Grossa)', 0),
(722, 'Pitanga', 0),
(723, 'Pitangueiras', 0),
(724, 'Pitangui (Ponta Grossa)', 0),
(725, 'Planaltina do Paraná', 0),
(726, 'Planalto', 0),
(727, 'Pocinho (Barbosa Ferraz)', 0),
(728, 'Pocinho (Ponta Grossa)', 0),
(729, 'Poema (Nova Tebas)', 0),
(730, 'Ponta do Pasto (Paranaguá)', 0),
(731, 'Ponta Grossa', 0),
(732, 'Pontal do Paraná', 0),
(733, 'Porecatu', 0),
(734, 'Portão (Cascavel)', 0),
(735, 'Porteira Preta (Fênix)', 0),
(736, 'Porto Amazonas', 0),
(737, 'Porto Barreiro', 0),
(738, 'Porto Belo (Foz do Iguaçu)', 0),
(739, 'Porto Brasílio (Querência do Norte)', 0),
(740, 'Porto Camargo (Icaraíma)', 0),
(741, 'Porto de Cima (Morretes)', 0),
(742, 'Porto Meira (Foz do Iguaçu)', 0),
(743, 'Porto Mendes (Marechal Cândido Rondon)', 0),
(744, 'Porto Rico', 0),
(745, 'Porto San Juan (Foz do Iguaçu)', 0),
(746, 'Porto Santana (Porto Barreiro)', 0),
(747, 'Porto São Carlos (São Carlos do Ivaí)', 0),
(748, 'Porto São José (São Pedro do Paraná)', 0),
(749, 'Porto Vitória', 0),
(750, 'Prado Ferreira', 0),
(751, 'Pranchita', 0),
(752, 'Prata (Cambé)', 0),
(753, 'Prata Um (Telêmaco Borba)', 0),
(754, 'Presidente Castelo Branco', 0),
(755, 'Presidente Kennedy (Verê)', 0),
(756, 'Primeiro de Maio', 0),
(757, 'Progresso (Francisco Beltrão)', 0),
(758, 'Prudentópolis', 0),
(759, 'Pulinópolis (Mandaguaçu)', 0),
(760, 'Quatiguá', 0),
(761, 'Quatro Barras', 0),
(762, 'Quatro Pontes', 0),
(763, 'Quebra Freio (Pato Branco)', 0),
(764, 'Quedas do Iguaçu', 0),
(765, 'Queimados (Guarapuava)', 0),
(766, 'Querência do Norte', 0),
(767, 'Quinta do Sol', 0),
(768, 'Quinzópolis (Santa Mariana)', 0),
(769, 'Quitandinha', 0),
(770, 'Ramilândia', 0),
(771, 'Rancho Alegre', 0),
(772, 'Rancho Alegre d.Oeste', 0),
(773, 'Realeza', 0),
(774, 'Rebouças', 0),
(775, 'Região dos Valos (Telêmaco Borba)', 0),
(776, 'Reianópolis (Sengés)', 0),
(777, 'Renascença', 0),
(778, 'Reserva', 0),
(779, 'Reserva do Iguaçu', 0),
(780, 'Retiro (Castro)', 0),
(781, 'Retiro Grande (Campo Largo)', 0),
(782, 'Ribeirão Bonito (Grandes Rios)', 0),
(783, 'Ribeirão Claro', 0),
(784, 'Ribeirão do Pinhal', 0),
(785, 'Ribeirão do Pinheiro (Castro)', 0),
(786, 'Rio Abaixo (Castro)', 0),
(787, 'Rio Azul', 0),
(788, 'Rio Bom', 0),
(789, 'Rio Bonito (Francisco Alves)', 0),
(790, 'Rio Bonito do Iguaçu', 0),
(791, 'Rio Branco do Ivaí', 0),
(792, 'Rio Branco do Sul', 0),
(793, 'Rio Claro do Sul (Mallet)', 0),
(794, 'Rio da Prata (Santa Izabel do Oeste)', 0),
(795, 'Rio da Prata (Nova Laranjeiras)', 0),
(796, 'Rio das Antas (Cascavel)', 0),
(797, 'Rio das Mortes (Guarapuava)', 0),
(798, 'Rio das Pedras (Guarapuava)', 0),
(799, 'Rio das Pedras (Paranaguá)', 0),
(800, 'Rio das Pombas (Paranaguá)', 0),
(801, 'Rio do Mato (Francisco Beltrão)', 0),
(802, 'Rio do Salto (Cascavel)', 0),
(803, 'Rio Negro', 0),
(804, 'Rio Novo (Cascavel)', 0),
(805, 'Rio Novo (Reserva)', 0),
(806, 'Rio Pinheiro (Mariópolis)', 0),
(807, 'Rio Quatorze (Francisco Beltrão)', 0),
(808, 'Rio Saltinho (Cascavel)', 0),
(809, 'Rio Saudade (Francisco Beltrão)', 0),
(810, 'Rio Verde (Juranda)', 0),
(811, 'Roberto Silveira (Umuarama)', 0),
(812, 'Roça Velha (Ponta Grossa)', 0),
(813, 'Roça Velha (São José dos Pinhais)', 0),
(814, 'Rolândia', 0),
(815, 'Romeópolis (Arapuã)', 0),
(816, 'Roncador', 0),
(817, 'Rondinha (Guarapuava)', 0),
(818, 'Rondon', 0),
(819, 'Rosário do Ivaí', 0),
(820, 'Sabáudia', 0),
(821, 'Sagrada Família (Planalto)', 0),
(822, 'Salgado Filho', 0),
(823, 'Salles de Oliveira (Campina da Lagoa)', 0),
(824, 'Saltinho do Oeste (Alto Piquiri)', 0),
(825, 'Salto do Itararé', 0),
(826, 'Salto do Lontra', 0),
(827, 'Salto Portão (Cascavel)', 0),
(828, 'Samambaia (Guarapuava)', 0),
(829, 'Santa Amélia', 0),
(830, 'Santa Cecília do Pavão', 0),
(831, 'Santa Clara (Castro)', 0),
(832, 'Santa Cruz de Monte Castelo', 0),
(833, 'Santa Eliza (Umuarama)', 0),
(834, 'Santa Esmeralda (Santa Cruz de Monte Castelo)', 0),
(835, 'Santa Fé', 0),
(836, 'Santa Fé do Pirapó (Marialva)', 0),
(837, 'Santa Helena', 0),
(838, 'Santa Inês', 0),
(839, 'Santa Isabel do Ivaí', 0),
(840, 'Santa Izabel do Oeste', 0),
(841, 'Santa Lúcia', 0),
(842, 'Santa Lurdes (Cambé)', 0),
(843, 'Santa Luzia da Alvorada (São João do Ivaí)', 0),
(844, 'Santa Margarida (Bela Vista do Paraíso)', 0),
(845, 'Santa Margarida (Londrina)', 0),
(846, 'Santa Maria (Alto Paraná)', 0),
(847, 'Santa Maria do Oeste', 0),
(848, 'Santa Maria do Rio do Peixe (Congonhinhas)', 0),
(849, 'Santa Mariana', 0),
(850, 'Santa Mônica', 0),
(851, 'Santa Quitéria (Campo Largo)', 0),
(852, 'Santa Quitéria (Castro)', 0),
(853, 'Santa Rita (Castro)', 0),
(854, 'Santa Rita (Pato Branco)', 0),
(855, 'Santa Rita do Oeste (Terra Roxa)', 0),
(856, 'Santa Rosa (Francisco Beltrão)', 0),
(857, 'Santa Tereza do Oeste', 0),
(858, 'Santa Terezinha de Itaipu', 0),
(859, 'Santa Zélia (Astorga)', 0),
(860, 'Santana (Cruz Machado)', 0),
(861, 'Santana do Itararé', 0),
(862, 'Santo Antônio (Castro)', 0),
(863, 'Santo Antônio (Laranjeiras do Sul)', 0),
(864, 'Santo Antônio da Platina', 0),
(865, 'Santo Antônio do Caiuá', 0),
(866, 'Santo Antônio do Iratim (Bituruna)', 0),
(867, 'Santo Antônio do Palmital (Rio Bom)', 0),
(868, 'Santo Antônio do Paraíso', 0),
(869, 'Santo Antônio do Sudoeste', 0),
(870, 'Santo Inácio', 0),
(871, 'Santo Rei (Nova Cantu)', 0),
(872, 'São Bento (Campo Mourão)', 0),
(873, 'São Braz (Cascavel)', 0),
(874, 'São Braz (Pato Branco)', 0),
(875, 'São Camilo (Palotina)', 0),
(876, 'São Carlos do Ivaí', 0),
(877, 'São Cirilo (Castro)', 0),
(878, 'São Clemente (Santa Helena)', 0),
(879, 'São Cristovão (Paranavaí)', 0),
(880, 'São Cristovão (União da Vitória)', 0),
(881, 'São Domingos (Apucarana)', 0),
(882, 'São Domingos (Cruzmaltina)', 0),
(883, 'São Domingos (União da Vitória)', 0),
(884, 'São Francisco (Chopinzinho)', 0),
(885, 'São Francisco (Guarapuava)', 0),
(886, 'São Francisco (Umuarama)', 0),
(887, 'São Francisco de Imbaú (Congonhinhas)', 0),
(888, 'São Francisco de Sales (Clevelândia)', 0),
(889, 'São Gabriel (Cambé)', 0),
(890, 'São Gabriel (Colombo)', 0),
(891, 'São Gotardo (Pato Branco)', 0),
(892, 'São Jerônimo da Serra', 0),
(893, 'São João', 0),
(894, 'São João (Altônia)', 0),
(895, 'São João (Campo Mourão)', 0),
(896, 'São João (Laranjeiras do Sul)', 0),
(897, 'São João d.Oeste (Cascavel)', 0),
(898, 'São João da Boa Vista (Umuarama)', 0),
(899, 'São João do Caiuá', 0),
(900, 'São João do Ivaí', 0),
(901, 'São João do Pinhal (São Jerônimo da Serra)', 0),
(902, 'São João do Triunfo', 0),
(903, 'São Joaquim (Arapongas)', 0),
(904, 'São Joaquim (Guarapuava)', 0),
(905, 'São Joaquim do Pontal (Itambaracá)', 0),
(906, 'São Jorge D.Oeste', 0),
(907, 'São Jorge do Ivaí', 0),
(908, 'São Jorge do Patrocínio', 0),
(909, 'São José (Jandaia do Sul)', 0),
(910, 'São José (Santa Maria do Oeste)', 0),
(911, 'São José da Boa Vista', 0),
(912, 'São José das Palmeiras', 0),
(913, 'São José do Iguaçu (São Miguel do Iguaçu)', 0),
(914, 'São José do Itavo (Itaipulândia)', 0),
(915, 'São José do Ivaí (Santa Isabel do Ivaí)', 0),
(916, 'São José dos Pinhais', 0),
(917, 'São Judas Tadeu (Santo Antônio do Paraíso)', 0),
(918, 'São Leonardo (Londrina)', 0),
(919, 'São Lourenço (Castro)', 0),
(920, 'São Lourenço (Cianorte)', 0),
(921, 'São Luiz (Campo Mourão)', 0),
(922, 'São Luiz (Capanema)', 0),
(923, 'São Luiz (Chopinzinho)', 0),
(924, 'São Luiz (Clevelândia)', 0),
(925, 'São Luiz (Londrina)', 0),
(926, 'São Luiz (Marialva)', 0),
(927, 'São Luiz (Mariluz)', 0),
(928, 'São Luiz (Paranaguá)', 0),
(929, 'São Luiz do Purunã (Balsa Nova)', 0),
(930, 'São Manoel do Paraná', 0),
(931, 'São Marcos (Londrina)', 0),
(932, 'São Marcos (São José dos Pinhais)', 0),
(933, 'São Martinho (Rolândia)', 0),
(934, 'São Mateus do Sul', 0),
(935, 'São Miguel (Araucária)', 0),
(936, 'São Miguel (Francisco Beltrão)', 0),
(937, 'São Miguel (Toledo)', 0),
(938, 'São Miguel do Cambui (Marialva)', 0),
(939, 'São Miguel do Iguaçu', 0),
(940, 'São Paulo (Toledo)', 0),
(941, 'São Pedro (Ampére)', 0),
(942, 'São Pedro (Apucarana)', 0),
(943, 'São Pedro (Campo Largo)', 0),
(944, 'São Pedro (Guarapuava)', 0),
(945, 'São Pedro (Paranavaí)', 0),
(946, 'São Pedro do Florido (Santo Antônio do Sudoeste)', 0),
(947, 'São Pedro do Iguaçu', 0),
(948, 'São Pedro do Ivaí', 0),
(949, 'São Pedro do Paraná', 0),
(950, 'São Pedro Lopei (Cascavel)', 0),
(951, 'São Pio X (Francisco Beltrão)', 0),
(952, 'São Roque (Dois Vizinhos)', 0),
(953, 'São Roque (Marechal Cândido Rondon)', 0),
(954, 'São Roque (Realeza)', 0),
(955, 'São Roque do Pinhal (Joaquim Távora)', 0),
(956, 'São Salvador (Ampére)', 0),
(957, 'São Sebastião (Castro)', 0),
(958, 'São Sebastião (Cerro Azul)', 0),
(959, 'São Sebastião (Guarapuava)', 0),
(960, 'São Sebastião (São José dos Pinhais)', 0),
(961, 'São Sebastião (Telêmaco Borba)', 0),
(962, 'São Sebastião da Amoreira', 0),
(963, 'São Silvestre (Cruzeiro do Oeste)', 0),
(964, 'São Tomé', 0),
(965, 'São Valentim (Dois Vizinhos)', 0),
(966, 'São Vicente (Araruna)', 0),
(967, 'Sapé (Tomazina)', 0),
(968, 'Sapopema', 0),
(969, 'Sarandi', 0),
(970, 'Sarandi (Santa Izabel do Oeste)', 0),
(971, 'Saudade do Iguaçu', 0),
(972, 'Sede Alvorada (Cascavel)', 0),
(973, 'Sede Chaparral (Toledo)', 0),
(974, 'Sede Nova Sant Ana (São Jorge D.Oeste)', 0),
(975, 'Sede Progresso (Francisco Beltrão)', 0),
(976, 'Sede Progresso (Verê)', 0),
(977, 'Selva (Londrina)', 0),
(978, 'Sengés', 0),
(979, 'Senhor Bom Jesus dos Gramados (Mariópolis)', 0),
(980, 'Serra dos Dourados (Umuarama)', 0),
(981, 'Serra Negra (Guaraqueçaba)', 0),
(982, 'Serranópolis do Iguaçu', 0),
(983, 'Serraria Klas (Ponta Grossa)', 0),
(984, 'Serrinha (Cambé)', 0),
(985, 'Serrinha (Campo Mourão)', 0),
(986, 'Serrinha (Castro)', 0),
(987, 'Sertaneja', 0),
(988, 'Sertanópolis', 0),
(989, 'Sertãozinho (Engenheiro Beltrão)', 0),
(990, 'Sete Saltos de Cima (Ponta Grossa)', 0),
(991, 'Silvolândia (Campo Mourão)', 0),
(992, 'Siqueira Belo (Barracão)', 0),
(993, 'Siqueira Campos', 0),
(994, 'Socavão (Castro)', 0),
(995, 'Socorro (Guarapuava)', 0),
(996, 'Sulina', 0),
(997, 'Sumaré (Paranavaí)', 0),
(998, 'Sussui (Engenheiro Beltrão)', 0),
(999, 'Sutis (Londrina)', 0),
(1000, 'Taipa (Guarapuava)', 0),
(1001, 'Tamarana', 0),
(1002, 'Tambarutaca (Paranaguá)', 0),
(1003, 'Tamboara', 0),
(1004, 'Tanque Grande (Castro)', 0),
(1005, 'Tapejara', 0),
(1006, 'Tapira', 0),
(1007, 'Tapui (Toledo)', 0),
(1008, 'Taquara (Castro)', 0),
(1009, 'Taquari dos Polacos (Ponta Grossa)', 0),
(1010, 'Taquari dos Russos (Ponta Grossa)', 0),
(1011, 'Taquaruna (Londrina)', 0),
(1012, 'Teixeira Soares', 0),
(1013, 'Telêmaco Borba', 0),
(1014, 'Teolândia (Pato Branco)', 0),
(1015, 'Tereza Breda (Barbosa Ferraz)', 0),
(1016, 'Tereza Cristina (Cândido de Abreu)', 0),
(1017, 'Terra Boa', 0),
(1018, 'Terra Nova (São Jerônimo da Serra)', 0),
(1019, 'Terra Rica', 0),
(1020, 'Terra Roxa', 0),
(1021, 'Tibagi', 0),
(1022, 'Tijucas do Sul', 0),
(1023, 'Tijuco Preto (Almirante Tamandaré)', 0),
(1024, 'Tijuco Preto (Castro)', 0),
(1025, 'Timbu Velho (Colombo)', 0),
(1026, 'Tindiquera (Araucária)', 0),
(1027, 'Tiradentes (Pato Branco)', 0),
(1028, 'Tiradentes (Salgado Filho)', 0),
(1029, 'Toledo', 0),
(1030, 'Tomaz Coelho (Araucária)', 0),
(1031, 'Tomazina', 0),
(1032, 'Três Barras do Paraná', 0),
(1033, 'Três Bicos (Cândido de Abreu)', 0),
(1034, 'Três Bocas (Toledo)', 0),
(1035, 'Três Capões (Guarapuava)', 0),
(1036, 'Três Córregos (Campo Largo)', 0),
(1037, 'Três Lagoas (Foz do Iguaçu)', 0),
(1038, 'Três Pinheiros (Guarapuava)', 0),
(1039, 'Três Placas (Umuarama)', 0),
(1040, 'Triângulo (Engenheiro Beltrão)', 0),
(1041, 'Trindade (Ponta Grossa)', 0),
(1042, 'Triolândia (Ribeirão do Pinhal)', 0),
(1043, 'Tronco (Castro)', 0),
(1044, 'Tunas do Paraná', 0),
(1045, 'Tuneiras do Oeste', 0),
(1046, 'Tupãssi', 0),
(1047, 'Tupinambá (Astorga)', 0),
(1048, 'Turvo', 0),
(1049, 'Ubaldino Taques (Coronel Domingos Soares)', 0),
(1050, 'Ubauna (São João do Ivaí)', 0),
(1051, 'Ubiratã', 0),
(1052, 'Umuarama', 0),
(1053, 'União (Laranjeiras do Sul)', 0),
(1054, 'União da Vitória', 0),
(1055, 'União do Oeste (Santa Izabel do Oeste)', 0),
(1056, 'Uniflor', 0),
(1057, 'Uraí', 0),
(1058, 'Usina (Campo Mourão)', 0),
(1059, 'Uvaia (Ponta Grossa)', 0),
(1060, 'Valentins (Ponta Grossa)', 0),
(1061, 'Valério (Planalto)', 0),
(1062, 'Vargeado (Castro)', 0),
(1063, 'Vassoural (Ibaiti)', 0),
(1064, 'Ventania', 0),
(1065, 'Vera Cruz do Oeste', 0),
(1066, 'Vera Guarani (Paulo Frontin)', 0),
(1067, 'Verê', 0),
(1068, 'Vida Nova (Sapopema)', 0),
(1069, 'Vidigal (Cianorte)', 0),
(1070, 'Alto Paraíso', 0),
(1071, 'Vila Diniz (Cruzmaltina)', 0),
(1072, 'Vila dos Roldos (Pato Branco)', 0),
(1073, 'Vila Flórida (Toledo)', 0),
(1074, 'Vila Gandhi (Primeiro de Maio)', 0),
(1075, 'Vila Guay (Ibaiti)', 0),
(1076, 'Vila Nova (Pitanga)', 0),
(1077, 'Vila Nova (Toledo)', 0),
(1078, 'Vila Nova de Florença (São Jerônimo da Serra)', 0),
(1079, 'Vila Paraíso (São João)', 0),
(1080, 'Vila Reis (Apucarana)', 0),
(1081, 'Vila Rica do Ivaí (Icaraíma)', 0),
(1082, 'Vila Roberto Brzezinski (Campo Mourão)', 0),
(1083, 'Vila Silva Jardim (Paranacity)', 0),
(1084, 'Vila Velha (Ponta Grossa)', 0),
(1085, 'Virmond', 0),
(1086, 'Vista Alegre (Coronel Vivida)', 0),
(1087, 'Vista Alegre (Enéas Marques)', 0),
(1088, 'Vista Bonita (Campo Largo)', 0),
(1089, 'Vitória (Guarapuava)', 0),
(1090, 'Vitorino', 0),
(1091, 'Warta (Londrina)', 0),
(1092, 'Wenceslau Braz', 0),
(1093, 'Xambrê', 0),
(1094, 'Xaxim (Toledo)', 0),
(1095, 'Yolanda (Ubiratã)', 0),
(1096, '4º Centenário', 0),
(1097, 'Jordão (Guarapuava)', 0),
(1098, 'Biscaia (Ponta Grossa)', 0),
(1099, 'Campo do Bugre (Laranjeiras do Sul)', 0),
(1100, 'Santa Cruz (Campo Largo)', 0),
(1101, 'Caiva (Campo Largo)', 0),
(1102, 'Itambezinho (Campo Largo)', 0),
(1103, 'Bananas (Nova Laranjeiras)', 0),
(1104, 'Candeia (Maripá)', 0),
(1105, 'Guaraí (Nova Laranjeiras)', 0),
(1106, 'Ouro Verde (Sengés)', 0),
(1107, 'São Roque do Chopim (Pato Branco)', 0),
(1108, 'São Luiz do Oeste (Toledo)', 0),
(1109, 'Aceguá', 0),
(1110, 'Afonso Rodrigues (São Luiz Gonzaga)', 0),
(1111, 'Água Santa', 0),
(1112, 'Águas Claras (Viamão)', 0),
(1113, 'Agudo', 0),
(1114, 'Ajuricaba', 0),
(1115, 'Albardão (Rio Pardo)', 0),
(1116, 'Alecrim', 0),
(1117, 'Alegrete', 0),
(1118, 'Alegria', 0),
(1119, 'Alfredo Brenner (Ibirubá)', 0),
(1120, 'Almirante Tamandaré do Sul', 0),
(1121, 'Alpestre', 0),
(1122, 'Alto Alegre', 0),
(1123, 'Alto Alegre (Pedro Osório)', 0),
(1124, 'Alto da União (Ijuí)', 0),
(1125, 'Alto Feliz', 0),
(1126, 'Alto Paredão (Santa Cruz do Sul)', 0),
(1127, 'Alto Recreio (Ronda Alta)', 0),
(1128, 'Alto Uruguai (Três Passos)', 0),
(1129, 'Alvorada', 0),
(1130, 'Amaral Ferrador', 0),
(1131, 'Ametista do Sul', 0),
(1132, 'André da Rocha', 0),
(1133, 'Anta Gorda', 0),
(1134, 'Antônio Kerpel (Coronel Bicaco)', 0),
(1135, 'Antônio Prado', 0),
(1136, 'Arambaré', 0),
(1137, 'Araricá', 0),
(1138, 'Aratiba', 0),
(1139, 'Arco Verde (Carlos Barbosa)', 0),
(1140, 'Arco-Íris (Erval Seco)', 0),
(1141, 'Arroio Canoas (Barão)', 0),
(1142, 'Arroio do Meio', 0),
(1143, 'Arroio do Padre', 0),
(1144, 'Arroio do Sal', 0),
(1145, 'Arroio do Só (Santa Maria)', 0),
(1146, 'Arroio do Tigre', 0),
(1147, 'Arroio dos Ratos', 0),
(1148, 'Arroio Grande', 0),
(1149, 'Arroio Grande (Santa Maria)', 0),
(1150, 'Arroio Grande (Selbach)', 0),
(1151, 'Árvore Só (Santa Vitória do Palmar)', 0),
(1152, 'Arvorezinha', 0),
(1153, 'Atafona (Santo Ângelo)', 0),
(1154, 'Atiaçu (Sarandi)', 0),
(1155, 'Augusto Pestana', 0),
(1156, 'Áurea', 0),
(1157, 'Avelino Paranhos (Espumoso)', 0),
(1158, 'Azevedo Sodré (São Gabriel)', 0),
(1159, 'Bacupari (Palmares do Sul)', 0),
(1160, 'Bagé', 0),
(1161, 'Baliza (Gaurama)', 0),
(1162, 'Balneário Pinhal', 0),
(1163, 'Banhado do Colégio (Camaquã)', 0),
(1164, 'Barão', 0),
(1165, 'Barão de Cotegipe', 0),
(1166, 'Barão do Triunfo', 0),
(1167, 'Barra do Guarita', 0),
(1168, 'Barra do Ouro (Maquiné)', 0),
(1169, 'Barra do Quaraí', 0),
(1170, 'Barra do Ribeiro', 0),
(1171, 'Barra do Rio Azul', 0),
(1172, 'Barra Funda', 0),
(1173, 'Barracão', 0),
(1174, 'Barreirinho (Sarandi)', 0),
(1175, 'Barreiro (Ijuí)', 0),
(1176, 'Barro Preto (Ajuricaba)', 0),
(1177, 'Barro Vermelho (Cachoeira do Sul)', 0),
(1178, 'Barro Vermelho (Gravataí)', 0),
(1179, 'Barros Cassal', 0),
(1180, 'Basílio (Herval)', 0),
(1181, 'Bela Vista (Machadinho)', 0),
(1182, 'Bela Vista (Passo Fundo)', 0),
(1183, 'Bela Vista (Segredo)', 0),
(1184, 'Bela Vista (Três Passos)', 0),
(1185, 'Beluno (São Francisco de Assis)', 0),
(1186, 'Benjamin Constant do Sul', 0),
(1187, 'Bento Gonçalves', 0),
(1188, 'Bexiga (Rio Pardo)', 0),
(1189, 'Boa Esperança (Rolante)', 0),
(1190, 'Boa Vista (Salvador do Sul)', 0),
(1191, 'Boa Vista (Santa Cruz do Sul)', 0),
(1192, 'Boa Vista (São Lourenço do Sul)', 0),
(1193, 'Boa Vista das Missões', 0),
(1194, 'Boa Vista do Buricá', 0),
(1195, 'Boa Vista do Cadeado', 0),
(1196, 'Boa Vista do Incra', 0),
(1197, 'Boa Vista do Sul', 0),
(1198, 'Boca do Monte (Santa Maria)', 0),
(1199, 'Boi Preto (Chapada)', 0),
(1200, 'Bojuru (São José do Norte)', 0),
(1201, 'Bom Jardim (Caçapava do Sul)', 0),
(1202, 'Bom Jesus', 0),
(1203, 'Bom Princípio', 0),
(1204, 'Bom Progresso', 0),
(1205, 'Bom Retiro (Cambará do Sul)', 0),
(1206, 'Bom Retiro do Guaíba (Guaíba)', 0),
(1207, 'Bom Retiro do Sul', 0),
(1208, 'Bonito (Camaquã)', 0),
(1209, 'Boqueirão (General Câmara)', 0),
(1210, 'Boqueirão (São Lourenço do Sul)', 0),
(1211, 'Boqueirão do Leão', 0),
(1212, 'Bororé (Maçambará)', 0),
(1213, 'Bossoroca', 0),
(1214, 'Botucaraí (Candelária)', 0),
(1215, 'Braga', 0),
(1216, 'Brochier', 0),
(1217, 'Buriti (Santo Ângelo)', 0),
(1218, 'Butiá', 0),
(1219, 'Butiás (Tavares)', 0),
(1220, 'Caçapava do Sul', 0),
(1221, 'Cacequi', 0),
(1222, 'Cachoeira do Sul', 0),
(1223, 'Cachoeirinha', 0),
(1224, 'Cacique Doble', 0),
(1225, 'Cadorna (Nova Alvorada)', 0),
(1226, 'Caibaté', 0),
(1227, 'Caiçara', 0),
(1228, 'Camaquã', 0),
(1229, 'Camargo', 0),
(1230, 'Cambará do Sul', 0),
(1231, 'Camobi (Santa Maria)', 0),
(1232, 'Campestre Baixo (Salvador do Sul)', 0),
(1233, 'Campestre da Serra', 0),
(1234, 'Campina das Missões', 0),
(1235, 'Campina Redonda (Espumoso)', 0),
(1236, 'Campinas (Saldanha Marinho)', 0),
(1237, 'Campinas do Sul', 0),
(1238, 'Campo Bom', 0),
(1239, 'Campo Branco (Progresso)', 0),
(1240, 'Campo do Meio (Mato Castelhano)', 0),
(1241, 'Campo Novo', 0),
(1242, 'Campo Novo (Fontoura Xavier)', 0),
(1243, 'Campo Santo (Coronel Bicaco)', 0),
(1244, 'Campo Seco (Rosário do Sul)', 0),
(1245, 'Campo Vicente (Nova Hartz)', 0),
(1246, 'Campos Borges', 0),
(1247, 'Candelária', 0),
(1248, 'Cândido Freire (Giruá)', 0),
(1249, 'Cândido Godói', 0),
(1250, 'Candiota', 0),
(1251, 'Canela', 0),
(1252, 'Canguçu', 0),
(1253, 'Canhembora (Nova Palma)', 0),
(1254, 'Canoas', 0),
(1255, 'Canudos do Vale', 0),
(1256, 'Capané (Cachoeira do Sul)', 0),
(1257, 'Capão Bonito do Sul', 0),
(1258, 'Capão Bonito (Salto do Jacuí)', 0),
(1259, 'Capão Comprido (Tavares)', 0),
(1260, 'Capão da Canoa', 0),
(1261, 'Capão da Porteira (Viamão)', 0),
(1262, 'Capão do Cedro (Lagoa Vermelha)', 0),
(1263, 'Capão do Cipó', 0),
(1264, 'Capão do Leão', 0),
(1265, 'Capela de Santana', 0),
(1266, 'Capela Velha (Camaquã)', 0),
(1267, 'Capinzal (Constantina)', 0),
(1268, 'Capitão', 0),
(1269, 'Capivari do Sul', 0),
(1270, 'Capivarita (Pântano Grande)', 0),
(1271, 'Capo-Erê (Erechim)', 0),
(1272, 'Capoeira Grande (Tenente Portela)', 0),
(1273, 'Caraá', 0),
(1274, 'Carajá Seival (Caçapava do Sul)', 0),
(1275, 'Carazinho', 0),
(1276, 'Carlos Barbosa', 0),
(1277, 'Carlos Gomes', 0),
(1278, 'Carovi (Santiago)', 0),
(1279, 'Casca', 0),
(1280, 'Cascata (Horizontina)', 0),
(1281, 'Cascata (Pelotas)', 0),
(1282, 'Caseiros', 0),
(1283, 'Castelinho (Frederico Westphalen)', 0),
(1284, 'Catuípe', 0),
(1285, 'Cavajureta (São Vicente do Sul)', 0),
(1286, 'Caverá (Rosário do Sul)', 0),
(1287, 'Caxias do Sul', 0),
(1288, 'Cazuza Ferreira (Jaquirana)', 0),
(1289, 'Cedro Marcado (Tenente Portela)', 0),
(1290, 'Centenário', 0),
(1291, 'Centenário (Palmeira das Missões)', 0),
(1292, 'Centro Linha Brasil (Venâncio Aires)', 0),
(1293, 'Cerrito', 0),
(1294, 'Cerrito Alegre (Pelotas)', 0),
(1295, 'Cerrito do Ouro ou Vila do Cerrito (São Sepé)', 0),
(1296, 'Cerro Alto (Tuparendi)', 0),
(1297, 'Cerro Branco', 0),
(1298, 'Cerro Claro (São Pedro do Sul)', 0),
(1299, 'Cerro do Martins (Caçapava do Sul)', 0),
(1300, 'Cerro do Roque (Butiá)', 0),
(1301, 'Cerro Grande', 0),
(1302, 'Cerro Grande do Sul', 0),
(1303, 'Cerro Largo', 0),
(1304, 'Chapada', 0),
(1305, 'Chapada (Jaquirana)', 0),
(1306, 'Charqueadas', 0),
(1307, 'Charrua', 0),
(1308, 'Chiapetta', 0),
(1309, 'Chicolomã (Santo Antônio da Patrulha)', 0),
(1310, 'Chimarrão (André da Rocha)', 0),
(1311, 'Chorão (Ijuí)', 0),
(1312, 'Chuí', 0),
(1313, 'Chuvisca', 0),
(1314, 'Cidreira', 0),
(1315, 'Cinqüentenário (Tuparendi)', 0),
(1316, 'Ciríaco', 0),
(1317, 'Clara (Mata)', 0),
(1318, 'Clemente Argolo (Lagoa Vermelha)', 0),
(1319, 'Coimbra (São Miguel das Missões)', 0),
(1320, 'Colinas', 0),
(1321, 'Colônia das Almas (Catuípe)', 0),
(1322, 'Colônia Medeiros (Independência)', 0),
(1323, 'Colônia Municipal (Santo Ângelo)', 0),
(1324, 'Colônia Nova (Bagé)', 0),
(1325, 'Colônia São João (Cruz Alta)', 0),
(1326, 'Colônia Z-3 (Pelotas)', 0),
(1327, 'Coloninha (Arroio do Tigre)', 0),
(1328, 'Colorado', 0),
(1329, 'Comandai (Santo Ângelo)', 0),
(1330, 'Condor', 0),
(1331, 'Consolata (Três de Maio)', 0),
(1332, 'Constantina', 0),
(1333, 'Coqueiro Baixo', 0),
(1334, 'Coqueiros do Sul', 0),
(1335, 'Cordilheira (Cachoeira do Sul)', 0),
(1336, 'Coroados (São Valério do Sul)', 0),
(1337, 'Coronel Barros', 0),
(1338, 'Coronel Bicaco', 0),
(1339, 'Coronel Finzito (Erval Seco)', 0),
(1340, 'Coronel Pilar', 0),
(1341, 'Coronel Teixeira (Marcelino Ramos)', 0),
(1342, 'Cortado (Novo Cabrais)', 0),
(1343, 'Costa da Cadeia (Triunfo)', 0),
(1344, 'Costão (Estrela)', 0),
(1345, 'Cotiporã', 0),
(1346, 'Coxilha', 0),
(1347, 'Coxilha Grande (Vacaria)', 0),
(1348, 'Cr-1 (Palmares do Sul)', 0),
(1349, 'Crissiumal', 0),
(1350, 'Cristal', 0),
(1351, 'Cristal do Sul', 0),
(1352, 'Criúva (Caxias do Sul)', 0),
(1353, 'Cruz Alta', 0),
(1354, 'Cruzaltense', 0),
(1355, 'Cruzeiro (Planalto)', 0),
(1356, 'Cruzeiro do Sul', 0),
(1357, 'Curral Alto (Santa Vitória do Palmar)', 0),
(1358, 'Curumim (Capão da Canoa)', 0),
(1359, 'Daltro Filho (Imigrante)', 0),
(1360, 'Daltro Filho (Garibaldi)', 0),
(1361, 'Daltro Filho (Tenente Portela)', 0),
(1362, 'Dário Lassance (Bagé)', 0),
(1363, 'David Canabarro', 0),
(1364, 'Delfina (Estrela)', 0),
(1365, 'Deodoro (Venâncio Aires)', 0),
(1366, 'Depósito (Espumoso)', 0),
(1367, 'Derrubadas', 0),
(1368, 'Dezesseis de Novembro', 0),
(1369, 'Dilermando de Aguiar', 0),
(1370, 'Divino (Planalto)', 0),
(1371, 'Dois Irmãos', 0),
(1372, 'Dois Irmãos das Missões', 0),
(1373, 'Dois Lajeados', 0),
(1374, 'São José do Sul', 0),
(1375, 'Dom Feliciano', 0),
(1376, 'Dom Feliciano (Gravataí)', 0),
(1377, 'Dom Pedrito', 0),
(1378, 'Dom Pedro de Alcântara', 0),
(1379, 'Dona Francisca', 0),
(1380, 'Dona Otília (Roque Gonzales)', 0),
(1381, 'Dourado (Aratiba)', 0),
(1382, 'Bozano', 0),
(1383, 'Doutor Edgardo Pereira Velho (Mostardas)', 0),
(1384, 'Doutor Maurício Cardoso', 0),
(1385, 'Doutor Ricardo', 0),
(1386, 'Eldorado do Sul', 0),
(1387, 'Eletra (Jaquirana)', 0),
(1388, 'Encantado', 0),
(1389, 'Encruzilhada (Maçambará)', 0),
(1390, 'Encruzilhada do Sul', 0),
(1391, 'Engenho Velho', 0),
(1392, 'Entre Rios do Sul', 0),
(1393, 'Entre-Ijuís', 0),
(1394, 'Entrepelado (Taquara)', 0),
(1395, 'Erebango', 0),
(1396, 'Erechim', 0),
(1397, 'Ernestina', 0),
(1398, 'Ernesto Alves (Santiago)', 0),
(1399, 'Erval Grande', 0),
(1400, 'Erval Seco', 0),
(1401, 'Erveiras (Santa Cruz do Sul)', 0),
(1402, 'Esmeralda', 0),
(1403, 'Esperança do Sul', 0),
(1404, 'Espigão (Viamão)', 0),
(1405, 'Espigão Alto (Barracão)', 0),
(1406, 'Espinilho Grande (Tupanciretã)', 0),
(1407, 'Espírito Santo (Alegria)', 0),
(1408, 'Espumoso', 0),
(1409, 'Esquina Araújo (Independência)', 0),
(1410, 'Esquina Bom Sucesso (Catuípe)', 0),
(1411, 'Esquina Gaúcha (Crissiumal)', 0),
(1412, 'Esquina Gaúcha (Entre-Ijuís)', 0),
(1413, 'Esquina Ipiranga (Giruá)', 0),
(1414, 'Esquina Piratini (Bossoroca)', 0),
(1415, 'Estação', 0),
(1416, 'Estância Grande (Alvorada)', 0),
(1417, 'Estância Velha', 0),
(1418, 'Esteio', 0),
(1419, 'Esteira (Vacaria)', 0),
(1420, 'Estreito (São José do Norte)', 0),
(1421, 'Estrela', 0),
(1422, 'Estrela (Vacaria)', 0),
(1423, 'Estrela Velha', 0),
(1424, 'Eugênio de Castro', 0),
(1425, 'Evangelista (Casca)', 0),
(1426, 'Fagundes Varela', 0),
(1427, 'Fão (Lajeado)', 0),
(1428, 'Faria Lemos (Bento Gonçalves)', 0),
(1429, 'Farinhas (Alpestre)', 0),
(1430, 'Farrapos (São José do Ouro)', 0),
(1431, 'Farroupilha', 0),
(1432, 'Faxinal (Victor Graeff)', 0),
(1433, 'Faxinal do Soturno', 0),
(1434, 'Faxinalzinho', 0),
(1435, 'Fazenda Fialho (Taquara)', 0),
(1436, 'Fazenda Souza (Caxias do Sul)', 0),
(1437, 'Fazenda Vilanova', 0),
(1438, 'Feliz', 0),
(1439, 'Ferreira (Cachoeira do Sul)', 0),
(1440, 'Flores da Cunha', 0),
(1441, 'Floresta (Ijuí)', 0),
(1442, 'Floresta (Três Passos)', 0),
(1443, 'Floriano Peixoto', 0),
(1444, 'Flórida (Santiago)', 0),
(1445, 'Fontoura Xavier', 0),
(1446, 'Formigueiro', 0),
(1447, 'Formosa (Santa Cruz do Sul)', 0),
(1448, 'Forninho (Caçapava do Sul)', 0),
(1449, 'Forquetinha', 0),
(1450, 'Fortaleza dos Valos', 0),
(1451, 'Frederico Westphalen', 0),
(1452, 'Frei Sebastião (Palmares do Sul)', 0),
(1453, 'Freire (Pedro Osório)', 0),
(1454, 'Garibaldi', 0),
(1455, 'Garibaldina (Garibaldi)', 0),
(1456, 'Garruchos', 0),
(1457, 'Gaurama', 0),
(1458, 'General Câmara', 0),
(1459, 'Gentil', 0),
(1460, 'Getúlio Vargas', 0),
(1461, 'Giruá', 0),
(1462, 'Glória (Torres)', 0),
(1463, 'Glorinha', 0),
(1464, 'Goio-En (Erval Grande)', 0),
(1465, 'Gramado', 0),
(1466, 'Gramado dos Loureiros', 0),
(1467, 'Gramado São Pedro (Fontoura Xavier)', 0),
(1468, 'Gramado Xavier', 0),
(1469, 'Gravataí', 0),
(1470, 'Guabiju', 0),
(1471, 'Guaíba', 0),
(1472, 'Guajuviras (Canoas)', 0),
(1473, 'Guaporé', 0),
(1474, 'Guarani das Missões', 0),
(1475, 'Guassupi (São Pedro do Sul)', 0),
(1476, 'Harmonia', 0),
(1477, 'Herval', 0),
(1478, 'Herveiras', 0),
(1479, 'Hidráulica (Capão do Leão)', 0),
(1480, 'Horizontina', 0),
(1481, 'Hulha Negra', 0),
(1482, 'Humaitá', 0),
(1483, 'Ibarama', 0),
(1484, 'Ibaré (Lavras do Sul)', 0),
(1485, 'Ibiaçá', 0),
(1486, 'Ibiraiaras', 0),
(1487, 'Ibirapuitã', 0),
(1488, 'Ibirubá', 0),
(1489, 'Igrejinha', 0),
(1490, 'Igrejinha (Carazinho)', 0),
(1491, 'Ijucapirama (Jaguari)', 0),
(1492, 'Ijuí', 0),
(1493, 'Ilha dos Marinheiros (Rio Grande)', 0),
(1494, 'Ilópolis', 0),
(1495, 'Imbé', 0),
(1496, 'Imigrante', 0),
(1497, 'Independência', 0),
(1498, 'Inhacorá', 0),
(1499, 'Ipê', 0),
(1500, 'Ipiranga (Gravataí)', 0),
(1501, 'Ipiranga do Sul', 0),
(1502, 'Ipuaçu (Caiçara)', 0),
(1503, 'Iraí', 0),
(1504, 'Iruí (Rio Pardo)', 0),
(1505, 'Itaara', 0),
(1506, 'Itacolomi (Gravataí)', 0),
(1507, 'Itacurubi', 0),
(1508, 'Itacurubi (Santiago)', 0),
(1509, 'Itaí (Ijuí)', 0),
(1510, 'Itaimbezinho (Bom Jesus)', 0),
(1511, 'Itão (Itaqui)', 0),
(1512, 'Itapuã (Viamão)', 0),
(1513, 'Itapucá', 0),
(1514, 'Itapucá (Anta Gorda)', 0),
(1515, 'Itaqui', 0),
(1516, 'Itati', 0),
(1517, 'Itatiba do Sul', 0),
(1518, 'Itaúba (Arroio do Tigre)', 0),
(1519, 'Ituim (Vacaria)', 0),
(1520, 'Ivaí (Bossoroca)', 0),
(1521, 'Ivorá', 0),
(1522, 'Ivoti', 0),
(1523, 'Jaboticaba', 0),
(1524, 'Jacuizinho', 0),
(1525, 'Jacutinga', 0),
(1526, 'Jaguarão', 0),
(1527, 'Jaguarete (Erechim)', 0),
(1528, 'Jaguari', 0),
(1529, 'Jansen (Farroupilha)', 0),
(1530, 'Jaquirana', 0),
(1531, 'Jari', 0),
(1532, 'Jazidas ou Capela São Vicente (São Sepé)', 0),
(1533, 'João Arregui (Uruguaiana)', 0),
(1534, 'João Rodrigues (Rio Pardo)', 0),
(1535, 'Joça Tavares (Bagé)', 0),
(1536, 'Jóia', 0),
(1537, 'José Otávio (Bagé)', 0),
(1538, 'Juá (Jaquirana)', 0),
(1539, 'Júlio de Castilhos', 0),
(1540, 'Lagoa Bonita do Sul', 0),
(1541, 'Lagoa dos Três Cantos', 0),
(1542, 'Lagoa Vermelha', 0),
(1543, 'Lagoão', 0),
(1544, 'Lajeado', 0),
(1545, 'Lajeado Bonito (Cotiporã)', 0),
(1546, 'Lajeado Bonito (Tiradentes do Sul)', 0),
(1547, 'Lajeado Cerne (Santo Ângelo)', 0),
(1548, 'Lajeado do Bugre', 0),
(1549, 'Lajeado Grande (Crissiumal)', 0),
(1550, 'Lajeado Grande (Jaquirana)', 0),
(1551, 'Lara (Três Passos)', 0),
(1552, 'Laranjeira (Vicente Dutra)', 0),
(1553, 'Lava-Pés (Santiago)', 0),
(1554, 'Lavras do Sul', 0),
(1555, 'Leonel Rocha (Sagrada Família)', 0),
(1556, 'Liberato Salzano', 0),
(1557, 'Lindolfo Collor', 0),
(1558, 'Linha Comprida (Salvador do Sul)', 0),
(1559, 'Linha Nova', 0),
(1560, 'Linha Vitória (Carazinho)', 0),
(1561, 'Loreto (São Vicente do Sul)', 0),
(1562, 'Maçambará', 0),
(1563, 'Machadinho', 0);
INSERT INTO `cidade` (`id_cidade`, `nome`, `estado_id_estado`) VALUES
(1564, 'Magistério (Cidreira)', 0),
(1565, 'Mampituba', 0),
(1566, 'Manchinha (Três de Maio)', 0),
(1567, 'Mangueiras (Rosário do Sul)', 0),
(1568, 'Manoel Viana', 0),
(1569, 'Maquiné', 0),
(1570, 'Maratá', 0),
(1571, 'Marau', 0),
(1572, 'Marcelino Ramos', 0),
(1573, 'Marcorama (Garibaldi)', 0),
(1574, 'Mariana Pimentel', 0),
(1575, 'Mariano Moro', 0),
(1576, 'Mariante (Venâncio Aires)', 0),
(1577, 'Mariápolis (Osório)', 0),
(1578, 'Marques de Souza', 0),
(1579, 'Mata', 0),
(1580, 'Matarazzo (Pedro Osório)', 0),
(1581, 'Mato Castelhano', 0),
(1582, 'Mato Grande (Giruá)', 0),
(1583, 'Mato Leitão', 0),
(1584, 'Mato Queimado', 0),
(1585, 'Mauá (Arroio Grande)', 0),
(1586, 'Mauá (Ijuí)', 0),
(1587, 'Maximiliano de Almeida', 0),
(1588, 'Medianeira (Ajuricaba)', 0),
(1589, 'Minas do Leão', 0),
(1590, 'Miraguaí', 0),
(1591, 'Miraguaia (Santo Antônio da Patrulha)', 0),
(1592, 'Mirim (Santa Vitória do Palmar)', 0),
(1593, 'Mirim (Severiano de Almeida)', 0),
(1594, 'Montauri', 0),
(1595, 'Monte Alegre (General Câmara)', 0),
(1596, 'Monte Alegre (Santiago)', 0),
(1597, 'Monte Alegre dos Campos', 0),
(1598, 'Monte Alverne (Santa Cruz do Sul)', 0),
(1599, 'Monte Belo do Sul', 0),
(1600, 'Monte Bonito (Pelotas)', 0),
(1601, 'Montenegro', 0),
(1602, 'Mormaço', 0),
(1603, 'Morrinhos (São Jerônimo)', 0),
(1604, 'Morrinhos do Sul', 0),
(1605, 'Morro Alto (Maquiné)', 0),
(1606, 'Morro Azul (Três Cachoeiras)', 0),
(1607, 'Morro Redondo', 0),
(1608, 'Morro Reuter', 0),
(1609, 'Morungava (Gravataí)', 0),
(1610, 'Mostardas', 0),
(1611, 'Muçum', 0),
(1612, 'Muitos Capões', 0),
(1613, 'Muliterno', 0),
(1614, 'Não-Me-Toque', 0),
(1615, 'Nazaré (Santiago)', 0),
(1616, 'Nicolau Vergueiro', 0),
(1617, 'Nonoai', 0),
(1618, 'Nossa Senhora Aparecida (Saldanha Marinho)', 0),
(1619, 'Nossa Senhora da Conceição (São Sebastião do Caí)', 0),
(1620, 'Nova Alvorada', 0),
(1621, 'Nova Araçá', 0),
(1622, 'Nova Bassano', 0),
(1623, 'Nova Boa Vista', 0),
(1624, 'Nova Bréscia', 0),
(1625, 'Nova Candelária', 0),
(1626, 'Nova Esperança do Sul', 0),
(1627, 'Nova Hartz', 0),
(1628, 'Nova Milano (Farroupilha)', 0),
(1629, 'Nova Pádua', 0),
(1630, 'Nova Palma', 0),
(1631, 'Nova Petrópolis', 0),
(1632, 'Nova Prata', 0),
(1633, 'Nova Ramada', 0),
(1634, 'Nova Roma do Sul', 0),
(1635, 'Nova Santa Rita', 0),
(1636, 'Nova Sardenha (Farroupilha)', 0),
(1637, 'Novo Barreiro', 0),
(1638, 'Novo Cabrais', 0),
(1639, 'Novo Hamburgo', 0),
(1640, 'Novo Horizonte (Salto do Jacuí)', 0),
(1641, 'Novo Machado', 0),
(1642, 'Novo Planalto (Tiradentes do Sul)', 0),
(1643, 'Novo Tiradentes', 0),
(1644, 'Vila Oliva (Caxias do Sul)', 0),
(1645, 'Oralina (Salto do Jacuí)', 0),
(1646, 'Osório', 0),
(1647, 'Osvaldo Cruz (Frederico Westphalen)', 0),
(1648, 'Osvaldo Kroeff (Cambará do Sul)', 0),
(1649, 'Otávio Rocha (Flores da Cunha)', 0),
(1650, 'Pacheca (Camaquã)', 0),
(1651, 'Padilha (Taquara)', 0),
(1652, 'Padre Gonzales (Três Passos)', 0),
(1653, 'Paim Filho', 0),
(1654, 'Palmares do Sul', 0),
(1655, 'Palmas (Bagé)', 0),
(1656, 'Palmeira das Missões', 0),
(1657, 'Palmitinho', 0),
(1658, 'Pampeiro (Santana do Livramento)', 0),
(1659, 'Panambi', 0),
(1660, 'Pântano Grande', 0),
(1661, 'Paraí', 0),
(1662, 'Paraíso do Sul', 0),
(1663, 'Pareci Novo', 0),
(1664, 'Parobé', 0),
(1665, 'Passa Sete', 0),
(1666, 'Passinhos (Osório)', 0),
(1667, 'Passo Burmann (Catuípe)', 0),
(1668, 'Passo da Areia (Viamão)', 0),
(1669, 'Passo da Caveira (Gravataí)', 0),
(1670, 'Passo das Pedras (Capão do Leão)', 0),
(1671, 'Passo do Adão (Rio Pardo)', 0),
(1672, 'Passo do Sabão (Viamão)', 0),
(1673, 'Passo do Sobrado', 0),
(1674, 'Passo Fundo', 0),
(1675, 'Passo Novo (Alegrete)', 0),
(1676, 'Passo Raso (Triunfo)', 0),
(1677, 'Paulo Bento', 0),
(1678, 'Pavão (Capão do Leão)', 0),
(1679, 'Paverama', 0),
(1680, 'Pedras Altas', 0),
(1681, 'Pedreiras (Arroio Grande)', 0),
(1682, 'Pedro Garcia (Braga)', 0),
(1683, 'Pedro Osório', 0),
(1684, 'Pedro Paiva (Santo Augusto)', 0),
(1685, 'Pejuçara', 0),
(1686, 'Pelotas', 0),
(1687, 'Picada Café', 0),
(1688, 'Pinhal', 0),
(1689, 'Pinhal (Bom Retiro do Sul)', 0),
(1690, 'Pinhal (Sinimbu)', 0),
(1691, 'Pinhal (Soledade)', 0),
(1692, 'Pinhal Alto (Nova Petrópolis)', 0),
(1693, 'Pinhal da Serra', 0),
(1694, 'Pinhal Grande', 0),
(1695, 'Pinhalzinho (Erval Grande)', 0),
(1696, 'Pinhalzinho (Liberato Salzano)', 0),
(1697, 'Pinheirinho do Vale', 0),
(1698, 'Pinheiro Machado', 0),
(1699, 'Pinheiro Machado (São Paulo das Missões)', 0),
(1700, 'Pinheiro Marcado (Carazinho)', 0),
(1701, 'Pinto Bandeira (Bento Gonçalves)', 0),
(1702, 'Piraí (Bagé)', 0),
(1703, 'Pirapó', 0),
(1704, 'Piratini', 0),
(1705, 'Pitanga (Doutor Maurício Cardoso)', 0),
(1706, 'Planalto', 0),
(1707, 'Planalto (Crissiumal)', 0),
(1708, 'Plano Alto (Uruguaiana)', 0),
(1709, 'Poço das Antas', 0),
(1710, 'Polígono do Erval (Victor Graeff)', 0),
(1711, 'Pólo Petroquímico de Triunfo (Triunfo)', 0),
(1712, 'Pontão', 0),
(1713, 'Ponte Preta', 0),
(1714, 'Portão', 0),
(1715, 'Porto Alegre', 0),
(1716, 'Porto Batista (Triunfo)', 0),
(1717, 'Porto Lucena', 0),
(1718, 'Porto Mauá', 0),
(1719, 'Porto Vera Cruz', 0),
(1720, 'Porto Xavier', 0),
(1721, 'Pouso Novo', 0),
(1722, 'Povo Novo (Rio Grande)', 0),
(1723, 'Povoado Tozzo (Itatiba do Sul)', 0),
(1724, 'Pranchada (Doutor Maurício Cardoso)', 0),
(1725, 'Pratos (Tucunduva)', 0),
(1726, 'Presidente Lucena', 0),
(1727, 'Progresso', 0),
(1728, 'Progresso (Arroio do Tigre)', 0),
(1729, 'Progresso (Três de Maio)', 0),
(1730, 'Progresso (Três Palmeiras)', 0),
(1731, 'Protásio Alves', 0),
(1732, 'Pulador (Passo Fundo)', 0),
(1733, 'Putinga', 0),
(1734, 'Quaraí', 0),
(1735, 'Quaraim (Três de Maio)', 0),
(1736, 'Quatro Irmãos', 0),
(1737, 'Quevedos', 0),
(1738, 'Quilombo (Pelotas)', 0),
(1739, 'Quinta (Rio Grande)', 0),
(1740, 'Quintão (Palmares do Sul)', 0),
(1741, 'Quinze de Novembro', 0),
(1742, 'Quitéria (São Jerônimo)', 0),
(1743, 'Rancho Velho (Palmares do Sul)', 0),
(1744, 'Redentora', 0),
(1745, 'Refugiado (Vacaria)', 0),
(1746, 'Relvado', 0),
(1747, 'Restinga Seca', 0),
(1748, 'Restinga Seca (Santo Ângelo)', 0),
(1749, 'Rincão de São Pedro (São Luiz Gonzaga)', 0),
(1750, 'Rincão Del Rei (Rio Pardo)', 0),
(1751, 'Rincão do Cristóvão Pereira (Mostardas)', 0),
(1752, 'Rincão do Meio (São Borja)', 0),
(1753, 'Rincão do Segredo (Carazinho)', 0),
(1754, 'Rincão Doce (Não-Me-Toque)', 0),
(1755, 'Rincão dos Kroeff (São Francisco de Paula)', 0),
(1756, 'Rincão dos Mendes (Santo Ângelo)', 0),
(1757, 'Rincão Vermelho (Roque Gonzales)', 0),
(1758, 'Rio Azul (Aratiba)', 0),
(1759, 'Rio Branco (Nova Prata)', 0),
(1760, 'Rio da Ilha (Taquara)', 0),
(1761, 'Rio dos Índios', 0),
(1762, 'Rio Grande', 0),
(1763, 'Rio Pardinho (Santa Cruz do Sul)', 0),
(1764, 'Rio Pardo', 0),
(1765, 'Rio Telha (Ibiaçá)', 0),
(1766, 'Rio Tigre (Sananduva)', 0),
(1767, 'Rio Toldo (Getúlio Vargas)', 0),
(1768, 'Riozinho', 0),
(1769, 'Roca Sales', 0),
(1770, 'Rodeio Bonito', 0),
(1771, 'Rolador', 0),
(1772, 'Rolante', 0),
(1773, 'Rolantinho da Figueira (Rolante)', 0),
(1774, 'Ronda Alta', 0),
(1775, 'Rondinha', 0),
(1776, 'Roque Gonzales', 0),
(1777, 'Rosário (Augusto Pestana)', 0),
(1778, 'Rosário do Sul', 0),
(1779, 'Sagrada Família', 0),
(1780, 'Saicã (Cacequi)', 0),
(1781, 'Saldanha Marinho', 0),
(1782, 'Saltinho (Itatiba do Sul)', 0),
(1783, 'Saltinho (Rodeio Bonito)', 0),
(1784, 'Salto (Ijuí)', 0),
(1785, 'Salto do Jacuí', 0),
(1786, 'Salvador das Missões', 0),
(1787, 'Salvador do Sul', 0),
(1788, 'Sananduva', 0),
(1789, 'Sant auta (Camaquã)', 0),
(1790, 'Santa Bárbara (Caçapava do Sul)', 0),
(1791, 'Santa Bárbara (São Valentim do Sul)', 0),
(1792, 'Santa Bárbara do Sul', 0),
(1793, 'Santa Catarina (Salvador das Missões)', 0),
(1794, 'Santa Cecília do Sul', 0),
(1795, 'Santa Clara do Ingaí (Quinze de Novembro)', 0),
(1796, 'Santa Clara do Sul', 0),
(1797, 'Santa Cristina (Parobé)', 0),
(1798, 'Santa Cruz (Planalto)', 0),
(1799, 'Santa Cruz da Concórdia (Taquara)', 0),
(1800, 'Santa Cruz do Sul', 0),
(1801, 'Santa Flora (Santa Maria)', 0),
(1802, 'Santa Inês (São Luiz Gonzaga)', 0),
(1803, 'Santa Izabel do Sul (Arroio Grande)', 0),
(1804, 'Santa Lúcia (Ijuí)', 0),
(1805, 'Santa Lúcia do Piaí (Caxias do Sul)', 0),
(1806, 'Santa Luíza (Carlos Barbosa)', 0),
(1807, 'Santa Luzia (Lagoa Vermelha)', 0),
(1808, 'Santa Maria', 0),
(1809, 'Santa Maria do Herval', 0),
(1810, 'Santa Rita do Sul (Camaquã)', 0),
(1811, 'Santa Rosa', 0),
(1812, 'Santa Rosa (Palmares do Sul)', 0),
(1813, 'Santa Silvana (Pelotas)', 0),
(1814, 'Santa Teresinha (Palmeira das Missões)', 0),
(1815, 'Santa Tereza', 0),
(1816, 'Santa Tereza (Catuípe)', 0),
(1817, 'Santa Vitória do Palmar', 0),
(1818, 'Santana (Chapada)', 0),
(1819, 'Santana (Erval Grande)', 0),
(1820, 'Santana (Ijuí)', 0),
(1821, 'Santana da Boa Vista', 0),
(1822, 'Santana do Livramento', 0),
(1823, 'Santiago', 0),
(1824, 'Santo Amaro do Sul (General Câmara)', 0),
(1825, 'Santo Ângelo', 0),
(1826, 'Santo Antônio (Cerro Largo)', 0),
(1827, 'Santo Antônio (Ijuí)', 0),
(1828, 'Santo Antônio (Santo Augusto)', 0),
(1829, 'Santo Antônio da Patrulha', 0),
(1830, 'Santo Antônio das Missões', 0),
(1831, 'Santo Antônio de Castro (Carlos Barbosa)', 0),
(1832, 'Santo Antônio do Bom Retiro (Ibirubá)', 0),
(1833, 'Santo Antônio do Palma', 0),
(1834, 'Santo Antônio do Planalto', 0),
(1835, 'Santo Augusto', 0),
(1836, 'Santo Cristo', 0),
(1837, 'Santo Expedito do Sul', 0),
(1838, 'Santo Inácio (Bom Jesus)', 0),
(1839, 'São Bento (Carazinho)', 0),
(1840, 'São Bom Jesus (Erval Seco)', 0),
(1841, 'São Borja', 0),
(1842, 'São Carlos (Rosário do Sul)', 0),
(1843, 'São Domingos do Sul', 0),
(1844, 'São Francisco (Cerro Largo)', 0),
(1845, 'São Francisco de Assis', 0),
(1846, 'São Francisco de Paula', 0),
(1847, 'São Gabriel', 0),
(1848, 'São Jerônimo', 0),
(1849, 'São João (Redentora)', 0),
(1850, 'São João Batista (Vitória das Missões)', 0),
(1851, 'São João Bosco (Ciríaco)', 0),
(1852, 'São João da Urtiga', 0),
(1853, 'São João do Polesine', 0),
(1854, 'São Jorge', 0),
(1855, 'São José (Planalto)', 0),
(1856, 'São José (Santo Antônio das Missões)', 0),
(1857, 'São José da Glória (Victor Graeff)', 0),
(1858, 'São José das Missões', 0),
(1859, 'São José de Castro (Garibaldi)', 0),
(1860, 'São José do Centro (Não-Me-Toque)', 0),
(1861, 'São José do Herval', 0),
(1862, 'São José do Hortêncio', 0),
(1863, 'São José do Inhacorá', 0),
(1864, 'São José do Norte', 0),
(1865, 'São José do Ouro', 0),
(1866, 'São José dos Ausentes', 0),
(1867, 'São Leopoldo', 0),
(1868, 'São Lourenço das Missões (São Luiz Gonzaga)', 0),
(1869, 'São Lourenço do Sul', 0),
(1870, 'São Luís Rei (Cacique Doble)', 0),
(1871, 'São Luiz (Planalto)', 0),
(1872, 'São Luiz Gonzaga', 0),
(1873, 'São Manuel (Vacaria)', 0),
(1874, 'São Marcos', 0),
(1875, 'São Marcos (Uruguaiana)', 0),
(1876, 'São Martinho', 0),
(1877, 'São Martinho da Serra', 0),
(1878, 'São Miguel (Chapada)', 0),
(1879, 'São Miguel das Missões', 0),
(1880, 'São Nicolau', 0),
(1881, 'São Paulo (Ipê)', 0),
(1882, 'São Paulo das Missões', 0),
(1883, 'São Pedro (Bento Gonçalves)', 0),
(1884, 'São Pedro das Missões', 0),
(1885, 'São Pedro da Serra', 0),
(1886, 'São Pedro do Butiá', 0),
(1887, 'São Pedro do Iraxim (São José do Ouro)', 0),
(1888, 'São Pedro do Sul', 0),
(1889, 'São Roque (Passo Fundo)', 0),
(1890, 'São Sebastião (Esmeralda)', 0),
(1891, 'São Sebastião (Ibiraiaras)', 0),
(1892, 'São Sebastião do Caí', 0),
(1893, 'São Sepé', 0),
(1894, 'São Simão (Mostardas)', 0),
(1895, 'São Valentim', 0),
(1896, 'São Valentim (Independência)', 0),
(1897, 'São Valentim do Sul', 0),
(1898, 'São Valério do Sul', 0),
(1899, 'São Vendelino', 0),
(1900, 'São Vicente do Sul', 0),
(1901, 'Sapiranga', 0),
(1902, 'Sapucaia do Sul', 0),
(1903, 'Sarandi', 0),
(1904, 'Scharlau (São Leopoldo)', 0),
(1905, 'Seberi', 0),
(1906, 'Vila Seca (Caxias do Sul)', 0),
(1907, 'Sede Aurora (Quinze de Novembro)', 0),
(1908, 'Sede Nova', 0),
(1909, 'Segredo', 0),
(1910, 'Segredo (Ipê)', 0),
(1911, 'Seival (Bagé)', 0),
(1912, 'Selbach', 0),
(1913, 'Senador Salgado Filho', 0),
(1914, 'Sentinela do Sul', 0),
(1915, 'Serafim Schmidt (Sinimbu)', 0),
(1916, 'Serafina Corrêa', 0),
(1917, 'Sério', 0),
(1918, 'Serra dos Gregórios (Esmeralda)', 0),
(1919, 'Serrinha (São Luiz Gonzaga)', 0),
(1920, 'Sertão', 0),
(1921, 'Sertão Santana', 0),
(1922, 'Sertãozinho (Alpestre)', 0),
(1923, 'Sete de Setembro', 0),
(1924, 'Sete de Setembro (Erval Grande)', 0),
(1925, 'Sete de Setembro (Santa Rosa)', 0),
(1926, 'Sete Lagoas (Itatiba do Sul)', 0),
(1927, 'Severiano de Almeida', 0),
(1928, 'Silva Jardim (Serafina Corrêa)', 0),
(1929, 'Silveira (São José dos Ausentes)', 0),
(1930, 'Silveira Martins', 0),
(1931, 'Sinimbu', 0),
(1932, 'Sírio (Santo Cristo)', 0),
(1933, 'Sítio Gabriel (Miraguaí)', 0),
(1934, 'Sobradinho', 0),
(1935, 'Soledade', 0),
(1936, 'Souza Ramos (Getúlio Vargas)', 0),
(1937, 'Suspiro (São Gabriel)', 0),
(1938, 'Tabaí', 0),
(1939, 'Tabajara (Salto do Jacuí)', 0),
(1940, 'Taim (Rio Grande)', 0),
(1941, 'Tainhas (São Francisco de Paula)', 0),
(1942, 'Tamanduá (Segredo)', 0),
(1943, 'Tanque (São José do Ouro)', 0),
(1944, 'Tapejara', 0),
(1945, 'Tapera', 0),
(1946, 'Tapera (Tavares)', 0),
(1947, 'Tapes', 0),
(1948, 'Taquara', 0),
(1949, 'Taquari', 0),
(1950, 'Taquarichim (Jaguari)', 0),
(1951, 'Taquaruçu do Sul', 0),
(1952, 'Tavares', 0),
(1953, 'Tenente Portela', 0),
(1954, 'Terra de Areia', 0),
(1955, 'Tesouras (Chapada)', 0),
(1956, 'Teutônia', 0),
(1957, 'Tiaraju (São Gabriel)', 0),
(1958, 'Timbaúva (Bossoroca)', 0),
(1959, 'Tiradentes do Sul', 0),
(1960, 'Toropi', 0),
(1961, 'Toroquá (São Francisco de Assis)', 0),
(1962, 'Torquato Severo (Dom Pedrito)', 0),
(1963, 'Torres', 0),
(1964, 'Torrinhas (Pinheiro Machado)', 0),
(1965, 'Touro Passo (Rosário do Sul)', 0),
(1966, 'Tramandaí', 0),
(1967, 'Travesseiro', 0),
(1968, 'Trentin (Jaboticaba)', 0),
(1969, 'Três Arroios', 0),
(1970, 'Três Barras (Aratiba)', 0),
(1971, 'Três Cachoeiras', 0),
(1972, 'Três Coroas', 0),
(1973, 'Três de Maio', 0),
(1974, 'Três Forquilhas', 0),
(1975, 'Três Palmeiras', 0),
(1976, 'Três Passos', 0),
(1977, 'Três Vendas (Cachoeira do Sul)', 0),
(1978, 'Trindade do Sul', 0),
(1979, 'Triunfo', 0),
(1980, 'Tronqueiras (Miraguaí)', 0),
(1981, 'Tucunduva', 0),
(1982, 'Tuiuti (Bento Gonçalves)', 0),
(1983, 'Tunas', 0),
(1984, 'Túnel Verde (Cidreira)', 0),
(1985, 'Tupanci do Sul', 0),
(1986, 'Tupanciretã', 0),
(1987, 'Tupancy ou Vila Block (São Sepé)', 0),
(1988, 'Tupandi', 0),
(1989, 'Tupantuba (Santiago)', 0),
(1990, 'Tuparendi', 0),
(1991, 'Tupi Silveira (Hulha Negra)', 0),
(1992, 'Tupinambá (Lagoa Vermelha)', 0),
(1993, 'Turuçu', 0),
(1994, 'Turvinho (Coronel Bicaco)', 0),
(1995, 'Ubiretama', 0),
(1996, 'Umbu (Cacequi)', 0),
(1997, 'União da Serra', 0),
(1998, 'Unistalda', 0),
(1999, 'Uruguaiana', 0),
(2000, 'Vacacai (São Gabriel)', 0),
(2001, 'Vacaria', 0),
(2002, 'Valdástico (Encantado)', 0),
(2003, 'Vale do Rio Cai (Nova Petrópolis)', 0),
(2004, 'Vale do Sol', 0),
(2005, 'Vale Real', 0),
(2006, 'Vale Veneto (São João do Polesine)', 0),
(2007, 'Vale Verde', 0),
(2008, 'Vanini', 0),
(2009, 'Venâncio Aires', 0),
(2010, 'Vera Cruz', 0),
(2011, 'Veranópolis', 0),
(2012, 'Vertentes (Uruguaiana)', 0),
(2013, 'Vespasiano Correa', 0),
(2014, 'Viadutos', 0),
(2015, 'Viamão', 0),
(2016, 'Vicente Dutra', 0),
(2017, 'Victor Graeff', 0),
(2018, 'Vila Bender (Crissiumal)', 0),
(2019, 'Vila Cruz (Nova Palma)', 0),
(2020, 'Vila Flores', 0),
(2021, 'Vila Langaro', 0),
(2022, 'Vila Laranjeira (Santo Cristo)', 0),
(2023, 'Vila Maria', 0),
(2024, 'Vila Nova do Sul', 0),
(2025, 'Vila Rica (Chapada)', 0),
(2026, 'Vila Seca (Santo Ângelo)', 0),
(2027, 'Vila Turvo (Campo Novo)', 0),
(2028, 'Vista Alegre', 0),
(2029, 'Vista Alegre (Colorado)', 0),
(2030, 'Vista Alegre do Prata', 0),
(2031, 'Vista Gaúcha', 0),
(2032, 'Vitória (Ibiaçá)', 0),
(2033, 'Vitória das Missões', 0),
(2034, 'Volta Alegre (Espumoso)', 0),
(2035, 'Volta Fechada (Aratiba)', 0),
(2036, 'Volta Grande (Alpestre)', 0),
(2037, 'Xadrez (Carazinho)', 0),
(2038, 'Xangri-Lá', 0),
(2039, 'Novo Xingu', 0),
(2040, 'Westfália', 0),
(2041, 'Santa Margarida do Sul', 0),
(2042, 'Tio Hugo', 0),
(2043, 'Passo do Verde (Santa Maria)', 0),
(2044, 'Mato Perso (Flores da Cunha)', 0),
(2045, 'Passo do Goulart (Maçambará)', 0),
(2046, 'Vila Fernando Ferrari (Três Cachoeiras)', 0),
(2047, 'Vale dos Vinhedos (Bento Gonçalves)', 0),
(2048, 'Borussia (Osório)', 0),
(2049, 'Aguapés (Osório)', 0),
(2050, 'Santa Luzia (Osório)', 0),
(2051, 'Serrinha Velha (Segredo)', 0),
(2052, 'Abdon Batista', 0),
(2053, 'Abelardo Luz', 0),
(2054, 'Agrolândia', 0),
(2055, 'Agronômica', 0),
(2056, 'Água Doce', 0),
(2057, 'Águas Brancas (Urubici)', 0),
(2058, 'Águas Claras (Mafra)', 0),
(2059, 'Águas de Chapecó', 0),
(2060, 'Águas Frias', 0),
(2061, 'Águas Mornas', 0),
(2062, 'Aguti (Nova Trento)', 0),
(2063, 'Aiurê (Grão Pará)', 0),
(2064, 'Alfredo Wagner', 0),
(2065, 'Alto Alegre (Capinzal)', 0),
(2066, 'Alto Bela Vista', 0),
(2067, 'Alto da Serra (Chapecó)', 0),
(2068, 'Anchieta', 0),
(2069, 'Angelina', 0),
(2070, 'Anita Garibaldi', 0),
(2071, 'Anitápolis', 0),
(2072, 'Anta Gorda (Videira)', 0),
(2073, 'Antônio Carlos', 0),
(2074, 'Apiúna', 0),
(2075, 'Arabutã', 0),
(2076, 'Araquari', 0),
(2077, 'Araranguá', 0),
(2078, 'Armazém', 0),
(2079, 'Arnópolis (Alfredo Wagner)', 0),
(2080, 'Arroio Trinta', 0),
(2081, 'Arvoredo', 0),
(2082, 'Ascurra', 0),
(2083, 'Atalanta', 0),
(2084, 'Aterrado Torto (Pouso Redondo)', 0),
(2085, 'Aurora', 0),
(2086, 'Azambuja (Pedras Grandes)', 0),
(2087, 'Baia Alta (Ponte Serrada)', 0),
(2088, 'Balneário Arroio do Silva', 0),
(2089, 'Balneário Barra do Sul', 0),
(2090, 'Balneário Camboriú', 0),
(2091, 'Balneário Gaivota', 0),
(2092, 'Balneário Morro dos Conventos (Araranguá)', 0),
(2093, 'Bandeirante', 0),
(2094, 'Barra Bonita', 0),
(2095, 'Barra Clara (Angelina)', 0),
(2096, 'Barra da Lagoa (Florianópolis)', 0),
(2097, 'Barra da Prata (Vítor Meireles)', 0),
(2098, 'Barra Fria (Erval Velho)', 0),
(2099, 'Barra Grande (Faxinal dos Guedes)', 0),
(2100, 'Barra Velha', 0),
(2101, 'Barreiros (São José)', 0),
(2102, 'Barro Branco (Lauro Müller)', 0),
(2103, 'Bateias de Baixo (Campo Alegre)', 0),
(2104, 'Bela Vista (Campos Novos)', 0),
(2105, 'Bela Vista do Sul (Mafra)', 0),
(2106, 'Bela Vista do Toldo', 0),
(2107, 'Belmonte', 0),
(2108, 'Benedito Novo', 0),
(2109, 'Biguaçu', 0),
(2110, 'Blumenau', 0),
(2111, 'Bocaína do Sul', 0),
(2112, 'Boiteuxburgo (Major Gercino)', 0),
(2113, 'Bom Jardim da Serra', 0),
(2114, 'Bom Jesus', 0),
(2115, 'Bom Jesus do Oeste', 0),
(2116, 'Bom Retiro', 0),
(2117, 'Bom Sucesso (Videira)', 0),
(2118, 'Bombinhas', 0),
(2119, 'Botuverá', 0),
(2120, 'Braço do Norte', 0),
(2121, 'Braço do Trombudo', 0),
(2122, 'Brunópolis', 0),
(2123, 'Brusque', 0),
(2124, 'Caçador', 0),
(2125, 'Cachoeira de Fátima (Praia Grande)', 0),
(2126, 'Cachoeira do Bom Jesus (Florianópolis)', 0),
(2127, 'Caibi', 0),
(2128, 'Calmon', 0),
(2129, 'Camboriú', 0),
(2130, 'Cambuinzal (Xanxerê)', 0),
(2131, 'Campeche (Florianópolis)', 0),
(2132, 'Campinas (São José)', 0),
(2133, 'Campo Alegre', 0),
(2134, 'Campo Belo do Sul', 0),
(2135, 'Campo Erê', 0),
(2136, 'Campos Novos', 0),
(2137, 'Canasvieiras (Florianópolis)', 0),
(2138, 'Canelinha', 0),
(2139, 'Canoas (Bom Retiro)', 0),
(2140, 'Canoinhas', 0),
(2141, 'Capão Alto', 0),
(2142, 'Capinzal', 0),
(2143, 'Capivari de Baixo', 0),
(2144, 'Caraíba (Seara)', 0),
(2145, 'Catanduvas', 0),
(2146, 'Catuíra (Alfredo Wagner)', 0),
(2147, 'Caxambu do Sul', 0),
(2148, 'Cedro Alto (Rio dos Cedros)', 0),
(2149, 'Celso Ramos', 0),
(2150, 'Cerro Negro', 0),
(2151, 'Chapadão do Lageado', 0),
(2152, 'Chapecó', 0),
(2153, 'Claraíba (Nova Trento)', 0),
(2154, 'Cocal do Sul', 0),
(2155, 'Colônia Santa Tereza (São José)', 0),
(2156, 'Concórdia', 0),
(2157, 'Cordilheira Alta', 0),
(2158, 'Coronel Freitas', 0),
(2159, 'Coronel Martins', 0),
(2160, 'Correia Pinto', 0),
(2161, 'Corupá', 0),
(2162, 'Criciúma', 0),
(2163, 'Cunha Porã', 0),
(2164, 'Cunhataí', 0),
(2165, 'Curitibanos', 0),
(2166, 'Dal Pai (Campos Novos)', 0),
(2167, 'Dalbérgia (Ibirama)', 0),
(2168, 'Descanso', 0),
(2169, 'Dionísio Cerqueira', 0),
(2170, 'Dona Emma', 0),
(2171, 'Doutor Pedrinho', 0),
(2172, 'Engenho Velho (Concórdia)', 0),
(2173, 'Enseada de Brito (Palhoça)', 0),
(2174, 'Entre Rios', 0),
(2175, 'Ermo', 0),
(2176, 'Erval Velho', 0),
(2177, 'Espinilho (Campos Novos)', 0),
(2178, 'Estação Cocal (Morro da Fumaça)', 0),
(2179, 'Faxinal dos Guedes', 0),
(2180, 'Fazenda Zandavalli (Guatambú)', 0),
(2181, 'Felipe Schmidt (Canoinhas)', 0),
(2182, 'Figueira (Chapecó)', 0),
(2183, 'Flor do Sertão', 0),
(2184, 'Florianópolis', 0),
(2185, 'Formosa do Sul', 0),
(2186, 'Forquilhinha', 0),
(2187, 'Fragosos (Campo Alegre)', 0),
(2188, 'Fraiburgo', 0),
(2189, 'Frederico Wastner (São Lourenço do Oeste)', 0),
(2190, 'Frei Rogério', 0),
(2191, 'Galvão', 0),
(2192, 'Garcia (Angelina)', 0),
(2193, 'Garopaba', 0),
(2194, 'Garuva', 0),
(2195, 'Gaspar', 0),
(2196, 'Goio-En (Chapecó)', 0),
(2197, 'Governador Celso Ramos', 0),
(2198, 'Grão Pará', 0),
(2199, 'Grápia (Paraíso)', 0),
(2200, 'Gravatal', 0),
(2201, 'Guabiruba', 0),
(2202, 'Guaporanga (Biguaçu)', 0),
(2203, 'Guaraciaba', 0),
(2204, 'Guaramirim', 0),
(2205, 'Guarujá do Sul', 0),
(2206, 'Guatá (Lauro Müller)', 0),
(2207, 'Guatambú', 0),
(2208, 'Hercílio Luz (Araranguá)', 0),
(2209, 'Herciliópolis (Água Doce)', 0),
(2210, 'Herval D.Oeste', 0),
(2211, 'Ibiam', 0),
(2212, 'Ibicaré', 0),
(2213, 'Ibicuí (Campos Novos)', 0),
(2214, 'Ibirama', 0),
(2215, 'Içara', 0),
(2216, 'Ilhota', 0),
(2217, 'Imaruí', 0),
(2218, 'Imbituba', 0),
(2219, 'Imbuia', 0),
(2220, 'Indaial', 0),
(2221, 'Índios (Lages)', 0),
(2222, 'Ingleses do Rio Vermelho (Florianópolis)', 0),
(2223, 'Invernada (Grão Pará)', 0),
(2224, 'Iomerê', 0),
(2225, 'Ipira', 0),
(2226, 'Ipoméia (Rio das Antas)', 0),
(2227, 'Iporã do Oeste', 0),
(2228, 'Ipuaçu', 0),
(2229, 'Ipumirim', 0),
(2230, 'Iraceminha', 0),
(2231, 'Irakitan (Tangará)', 0),
(2232, 'Irani', 0),
(2233, 'Iraputã (Itaiópolis)', 0),
(2234, 'Irati', 0),
(2235, 'Irineópolis', 0),
(2236, 'Itá', 0),
(2237, 'Itaió (Itaiópolis)', 0),
(2238, 'Itaiópolis', 0),
(2239, 'Itajaí', 0),
(2240, 'Itajubá (Descanso)', 0),
(2241, 'Itapema', 0),
(2242, 'Itapiranga', 0),
(2243, 'Itapoá', 0),
(2244, 'Itapocu (Araquari)', 0),
(2245, 'Itoupava (Blumenau)', 0),
(2246, 'Ituporanga', 0),
(2247, 'Jaborá', 0),
(2248, 'Jacinto Machado', 0),
(2249, 'Jaguaruna', 0),
(2250, 'Jaraguá do Sul', 0),
(2251, 'Jardinópolis', 0),
(2252, 'Joaçaba', 0),
(2253, 'Joinville', 0),
(2254, 'José Boiteux', 0),
(2255, 'Jupiá', 0),
(2256, 'Lacerdópolis', 0),
(2257, 'Lages', 0),
(2258, 'Lagoa (Florianópolis)', 0),
(2259, 'Lagoa da Estiva (Anita Garibaldi)', 0),
(2260, 'Laguna', 0),
(2261, 'Lajeado Grande', 0),
(2262, 'Laurentino', 0),
(2263, 'Lauro Müller', 0),
(2264, 'Leão (Campos Novos)', 0),
(2265, 'Lebon Régis', 0),
(2266, 'Leoberto Leal', 0),
(2267, 'Lindóia do Sul', 0),
(2268, 'Linha das Palmeiras (Xavantina)', 0),
(2269, 'Lontras', 0),
(2270, 'Lourdes (Videira)', 0),
(2271, 'Luiz Alves', 0),
(2272, 'Luzerna', 0),
(2273, 'Machados (Navegantes)', 0),
(2274, 'Macieira', 0),
(2275, 'Mafra', 0),
(2276, 'Major Gercino', 0),
(2277, 'Major Vieira', 0),
(2278, 'Maracajá', 0),
(2279, 'Marari (Tangará)', 0),
(2280, 'Maratá (São Domingos)', 0),
(2281, 'Maravilha', 0),
(2282, 'Marcílio Dias (Canoinhas)', 0),
(2283, 'Marechal Bormann (Chapecó)', 0),
(2284, 'Marema', 0),
(2285, 'Mariflor (São José do Cedro)', 0),
(2286, 'Marombas (Brunópolis)', 0),
(2287, 'Marombas Bossardi (Curitibanos)', 0),
(2288, 'Massaranduba', 0),
(2289, 'Matos Costa', 0),
(2290, 'Meleiro', 0),
(2291, 'Mirador (Presidente Getúlio)', 0),
(2292, 'Mirim (Imbituba)', 0),
(2293, 'Mirim Doce', 0),
(2294, 'Modelo', 0),
(2295, 'Mondaí', 0),
(2296, 'Monte Alegre (Camboriú)', 0),
(2297, 'Monte Carlo', 0),
(2298, 'Monte Castelo', 0),
(2299, 'Morro Chato (Turvo)', 0),
(2300, 'Morro da Fumaça', 0),
(2301, 'Morro Grande', 0),
(2302, 'Navegantes', 0),
(2303, 'Nossa Senhora de Caravaggio (Nova Veneza)', 0),
(2304, 'Nova Cultura (Papanduva)', 0),
(2305, 'Nova Erechim', 0),
(2306, 'Nova Guarita (Sombrio)', 0),
(2307, 'Nova Itaberaba', 0),
(2308, 'Nova Petrópolis (Joaçaba)', 0),
(2309, 'Nova Teutônia (Seara)', 0),
(2310, 'Nova Trento', 0),
(2311, 'Nova Veneza', 0),
(2312, 'Novo Horizonte', 0),
(2313, 'Orleans', 0),
(2314, 'Otacílio Costa', 0),
(2315, 'Ouro', 0),
(2316, 'Ouro Verde', 0),
(2317, 'Ouro Verde (Guaraciaba)', 0),
(2318, 'Paial', 0),
(2319, 'Painel', 0),
(2320, 'Palhoça', 0),
(2321, 'Palma Sola', 0),
(2322, 'Palmeira', 0),
(2323, 'Palmitos', 0),
(2324, 'Pântano do Sul (Florianópolis)', 0),
(2325, 'Papanduva', 0),
(2326, 'Paraíso', 0),
(2327, 'Passo de Torres', 0),
(2328, 'Passo Manso (Taió)', 0),
(2329, 'Passos Maia', 0),
(2330, 'Paula Pereira (Canoinhas)', 0),
(2331, 'Paulo Lopes', 0),
(2332, 'Pedras Grandes', 0),
(2333, 'Penha', 0),
(2334, 'Pericó (São Joaquim)', 0),
(2335, 'Peritiba', 0),
(2336, 'Pescaria Brava (Laguna)', 0),
(2337, 'Petrolândia', 0),
(2338, 'Balneário Piçarras', 0),
(2339, 'Pindotiba (Orleans)', 0),
(2340, 'Pinhalzinho', 0),
(2341, 'Pinheiral (Major Gercino)', 0),
(2342, 'Pinheiro Preto', 0),
(2343, 'Pinheiros (Canoinhas)', 0),
(2344, 'Pirabeiraba (Joinville)', 0),
(2345, 'Piratuba', 0),
(2346, 'Planalto (Concórdia)', 0),
(2347, 'Planalto Alegre', 0),
(2348, 'Poço Preto (Irineópolis)', 0),
(2349, 'Pomerode', 0),
(2350, 'Ponte Alta', 0),
(2351, 'Ponte Alta do Norte', 0),
(2352, 'Ponte Serrada', 0),
(2353, 'Porto Belo', 0),
(2354, 'Porto União', 0),
(2355, 'Pouso Redondo', 0),
(2356, 'Praia Grande', 0),
(2357, 'Prata (São Miguel do Oeste)', 0),
(2358, 'Presidente Castelo Branco', 0),
(2359, 'Presidente Getúlio', 0),
(2360, 'Presidente Juscelino (São Lourenço do Oeste)', 0),
(2361, 'Presidente Kennedy(Concórdia)', 0),
(2362, 'Presidente Nereu', 0),
(2363, 'Princesa', 0),
(2364, 'Quarta Linha (Criciúma)', 0),
(2365, 'Quilombo', 0),
(2366, 'Quilômetro Doze (Itajaí)', 0),
(2367, 'Rancho Queimado', 0),
(2368, 'Ratones (Florianópolis)', 0),
(2369, 'Residência Fuck (Monte Castelo)', 0),
(2370, 'Ribeirão da Ilha (Florianópolis)', 0),
(2371, 'Ribeirão Pequeno (Laguna)', 0),
(2372, 'Rio Antinha (Petrolândia)', 0),
(2373, 'Rio Bonito (Ituporanga)', 0),
(2374, 'Rio D Una (Imaruí)', 0),
(2375, 'Rio da Anta (Itaiópolis)', 0),
(2376, 'Rio da Luz (Jaraguá do Sul)', 0),
(2377, 'Rio das Antas', 0),
(2378, 'Rio das Furnas (Orleans)', 0),
(2379, 'Rio do Campo', 0),
(2380, 'Rio do Oeste', 0),
(2381, 'Rio do Sul', 0),
(2382, 'Rio dos Bugres (Ituporanga)', 0),
(2383, 'Rio dos Cedros', 0),
(2384, 'Rio Fortuna', 0),
(2385, 'Rio Maina (Criciúma)', 0),
(2386, 'Rio Negrinho', 0),
(2387, 'Rio Preto do Sul (Mafra)', 0),
(2388, 'Rio Rufino', 0),
(2389, 'Riqueza', 0),
(2390, 'Rodeio', 0),
(2391, 'Romelândia', 0),
(2392, 'Sai (São Francisco do Sul)', 0),
(2393, 'Salete', 0),
(2394, 'Saltinho', 0),
(2395, 'Salto Veloso', 0),
(2396, 'Sanga da Toca (Araranguá)', 0),
(2397, 'Sangão', 0),
(2398, 'Santa Cecília', 0),
(2399, 'Santa Cruz do Timbó (Porto União)', 0),
(2400, 'Santa Helena', 0),
(2401, 'Santa Helena (Joaçaba)', 0),
(2402, 'Santa Izabel (São Joaquim)', 0),
(2403, 'Santa Lúcia (Ouro)', 0),
(2404, 'Santa Lúcia (Palmitos)', 0),
(2405, 'Santa Maria (Benedito Novo)', 0),
(2406, 'Santa Rosa de Lima', 0),
(2407, 'Santa Rosa do Sul', 0),
(2408, 'Santa Terezinha', 0),
(2409, 'Santa Terezinha do Progresso', 0),
(2410, 'Santa Terezinha do Salto (Lages)', 0),
(2411, 'Santiago do Sul', 0),
(2412, 'Santo Amaro da Imperatriz', 0),
(2413, 'Santo Antônio de Lisboa (Florianópolis)', 0),
(2414, 'São Bento Baixo (Nova Veneza)', 0),
(2415, 'São Bento do Sul', 0),
(2416, 'São Bernardino', 0),
(2417, 'São Bonifácio', 0),
(2418, 'São Carlos', 0),
(2419, 'São Cristóvão (Três Barras)', 0),
(2420, 'São Cristóvão do Sul', 0),
(2421, 'São Defende (Criciúma)', 0),
(2422, 'São Domingos', 0),
(2423, 'São Francisco do Sul', 0),
(2424, 'São Gabriel (Treze de Maio)', 0),
(2425, 'São João Batista', 0),
(2426, 'São João do Itaperiú', 0),
(2427, 'São João do Oeste', 0),
(2428, 'São João do Rio Vermelho (Florianópolis)', 0),
(2429, 'São João do Sul', 0),
(2430, 'São Joaquim', 0),
(2431, 'São José', 0),
(2432, 'São José do Cedro', 0),
(2433, 'São José do Cerrito', 0),
(2434, 'São José do Laranjal (Iraceminha)', 0),
(2435, 'São Leonardo (Alfredo Wagner)', 0),
(2436, 'São Lourenço do Oeste', 0),
(2437, 'São Ludgero', 0),
(2438, 'São Martinho', 0),
(2439, 'São Miguel do Oeste', 0),
(2440, 'São Miguel da Boa Vista', 0),
(2441, 'São Miguel da Serra (Porto União)', 0),
(2442, 'São Pedro de Alcântara', 0),
(2443, 'São Pedro Tobias (Dionísio Cerqueira)', 0),
(2444, 'São Roque (São Lourenço do Oeste)', 0),
(2445, 'São Sebastião do Arvoredo (São Joaquim)', 0),
(2446, 'São Sebastião do Sul (Lebon Régis)', 0),
(2447, 'Sapiranga (Meleiro)', 0),
(2448, 'Saudades', 0),
(2449, 'Schroeder', 0),
(2450, 'Seara', 0),
(2451, 'Sede Oldemburg (Palmitos)', 0),
(2452, 'Serra Alta', 0),
(2453, 'Siderópolis', 0),
(2454, 'Sombrio', 0),
(2455, 'Sorocaba do Sul (Biguaçu)', 0),
(2456, 'Sul Brasil', 0),
(2457, 'Taió', 0),
(2458, 'Tangará', 0),
(2459, 'Taquara Verde (Caçador)', 0),
(2460, 'Taquaras (Rancho Queimado)', 0),
(2461, 'Tigipió (São João Batista)', 0),
(2462, 'Tigrinhos', 0),
(2463, 'Tijucas', 0),
(2464, 'Timbé do Sul', 0),
(2465, 'Timbó', 0),
(2466, 'Timbó Grande', 0),
(2467, 'Três Barras', 0),
(2468, 'Treviso', 0),
(2469, 'Treze de Maio', 0),
(2470, 'Treze Tílias', 0),
(2471, 'Trombudo Central', 0),
(2472, 'Tubarão', 0),
(2473, 'Tunápolis', 0),
(2474, 'Tupitinga (Campos Novos)', 0),
(2475, 'Turvo', 0),
(2476, 'União do Oeste', 0),
(2477, 'Urubici', 0),
(2478, 'Uruguai (Piratuba)', 0),
(2479, 'Urupema', 0),
(2480, 'Urussanga', 0),
(2481, 'Vargeão', 0),
(2482, 'Vargem', 0),
(2483, 'Vargem Bonita', 0),
(2484, 'Vargem do Cedro (São Martinho)', 0),
(2485, 'Vidal Ramos', 0),
(2486, 'Videira', 0),
(2487, 'Vila Conceição (São João do Sul)', 0),
(2488, 'Vila de Volta Grande (Rio Negrinho)', 0),
(2489, 'Vila Milani (São Domingos)', 0),
(2490, 'Vila Nova (Imbituba)', 0),
(2491, 'Vítor Meireles', 0),
(2492, 'Witmarsum', 0),
(2493, 'Xanxerê', 0),
(2494, 'Xavantina', 0),
(2495, 'Xaxim', 0),
(2496, 'Zortéa', 0),
(2497, 'Jorge Lacerda (Dionísio Cerqueira)', 0),
(2498, 'Idamar (Dionísio Cerqueira)', 0);

-- --------------------------------------------------------

--
-- Estrutura da tabela `denuncia`
--

CREATE TABLE `denuncia` (
  `titulo_denuncia` varchar(100) NOT NULL,
  `descricao` varchar(255) NOT NULL,
  `restaurante_id_rest` int(80) NOT NULL,
  `usuario_id_user` int(11) NOT NULL,
  `tipo_denuncia_id_tip_denuncia` int(10) NOT NULL
) ENGINE=InnoDB DEFAULT CHARSET=utf8;

-- --------------------------------------------------------

--
-- Estrutura da tabela `estado`
--

CREATE TABLE `estado` (
  `id_estado` int(11) NOT NULL,
  `nome` varchar(50) NOT NULL,
  `sigla` varchar(2) NOT NULL
) ENGINE=InnoDB DEFAULT CHARSET=utf8;

--
-- Extraindo dados da tabela `estado`
--

INSERT INTO `estado` (`id_estado`, `nome`, `sigla`) VALUES
(16, 'Parana', 'PR'),
(21, 'Rio Grande do Sul', 'RS'),
(24, 'Santa Catarina', 'SC');

-- --------------------------------------------------------

--
-- Estrutura da tabela `midia`
--

CREATE TABLE `midia` (
  `id_midia` int(200) NOT NULL,
  `usuario_id_user` int(11) NOT NULL,
  `restaurante_id_rest` int(80) NOT NULL
) ENGINE=InnoDB DEFAULT CHARSET=utf8;

-- --------------------------------------------------------

--
-- Estrutura da tabela `restaurante`
--

CREATE TABLE `restaurante` (
  `id_rest` int(80) NOT NULL,
  `nome` varchar(100) NOT NULL,
  `descricao` varchar(300) NOT NULL,
  `telefone` varchar(255) NOT NULL,
  `horario_funcionamento` char(100) NOT NULL,
  `estado` varchar(2) NOT NULL,
  `endereco` varchar(100) NOT NULL,
  `numero` int(100) NOT NULL,
  `cidade` varchar(200) NOT NULL,
  `usuario_id_user` int(11) NOT NULL
) ENGINE=InnoDB DEFAULT CHARSET=utf8;

--
-- Extraindo dados da tabela `restaurante`
--

INSERT INTO `restaurante` (`id_rest`, `nome`, `descricao`, `telefone`, `horario_funcionamento`, `estado`, `endereco`, `numero`, `cidade`, `usuario_id_user`) VALUES
(1, 'Madero Steak House', 'O hambuger do MADERO faz o mundo melhor.', '(47)3043-9100', 'segunda-feira à sábado 11:45–23:00 domingo e feriados 11:45–22:00', 'SC', 'Av. Rolf Wiest, Bom Retiro', 337, 'Água Doce', 4),
(2, 'Virado no Alho', 'Comida deliciosa, equipe sempre simpática e o chef vem ás mesas cumprimentar. É um favorito na cidade. Sagú sempre bom!', '3426-0045', 'de terça-feira a sabado, das 11:30 as 14:00 e 18:00 as 00:00, domingo e segunda somente das 11:30 as', 'sc', 'R. Simão Kruger', 50, '0', 0),
(11, 'Santa Mistura', 'Restaurante super caro', '34443444', '', 'SC', 'Rua Otto Boehm', 648, 'Joinville', 0),
(12, 'santos', 'bem loco', '3455-1140', 'até o sol raiar', 'RJ', 'uhul', 668, 'Campos dos Goytacazes', 0),
(13, 'ooo', 'ooo', '231312312313231', '23131', 'AC', 'sdad', 2323, 'Assis Brasil', 0),
(14, 'hmm', 'vai', '3455-11444', 'a', 'RJ', 'asasd', 36, 'Rio de Janeiro', 0),
(15, 'teste', 'teste', '73573', 'teste', 'TO', 'teste@teste.com', 73573, 'Taguatinga', 0),
(16, 'a', 'a', '3636-3636', 'afdsfd', 'AL', 'sad@asd', 35, 'Anadia', 0),
(17, 'a', 'a', '3636-3636', 'afdsfd', 'AL', 'sad@asd', 35, 'Anadia', 0),
(18, 'sad', 'asasd', '3535-3536', 'aa', 'AC', 'lllllkk', 36, 'Brasiléia', 0);

-- --------------------------------------------------------

--
-- Estrutura da tabela `restaurante_categoria`
--

CREATE TABLE `restaurante_categoria` (
  `id` int(11) NOT NULL,
  `id_restaurante` int(11) NOT NULL,
  `id_tipo_comida` int(11) NOT NULL,
  `status` tinyint(1) DEFAULT NULL
) ENGINE=InnoDB DEFAULT CHARSET=utf8;

--
-- Extraindo dados da tabela `restaurante_categoria`
--

INSERT INTO `restaurante_categoria` (`id`, `id_restaurante`, `id_tipo_comida`, `status`) VALUES
(1, 11, 3, NULL),
(2, 11, 4, NULL),
(3, 12, 1, NULL),
(4, 12, 2, NULL),
(5, 13, 3, NULL),
(6, 14, 1, NULL),
(7, 14, 2, NULL),
(8, 15, 1, NULL),
(9, 16, 4, NULL),
(10, 17, 4, NULL),
(11, 18, 3, NULL);

-- --------------------------------------------------------

--
-- Estrutura da tabela `tipo_comida`
--

CREATE TABLE `tipo_comida` (
  `id_comida` int(11) NOT NULL,
  `categoria` varchar(25) NOT NULL,
  `restaurante_id_rest` int(80) NOT NULL
) ENGINE=InnoDB DEFAULT CHARSET=utf8;

--
-- Extraindo dados da tabela `tipo_comida`
--

INSERT INTO `tipo_comida` (`id_comida`, `categoria`, `restaurante_id_rest`) VALUES
(1, 'Japonesa', 0),
(2, 'Hamburgueria', 0),
(3, 'Italiana', 0),
(4, 'Vegetariana', 0),
(5, 'Cafeteria', 0);

-- --------------------------------------------------------

--
-- Estrutura da tabela `tipo_denuncia`
--

CREATE TABLE `tipo_denuncia` (
  `nome` varchar(80) NOT NULL,
  `id_tip_denuncia` int(10) NOT NULL
) ENGINE=InnoDB DEFAULT CHARSET=utf8;

-- --------------------------------------------------------

--
-- Estrutura da tabela `tipo_user`
--

CREATE TABLE `tipo_user` (
  `id_tip` int(80) NOT NULL,
  `descricao` varchar(100) NOT NULL
) ENGINE=InnoDB DEFAULT CHARSET=utf8;

-- --------------------------------------------------------

--
-- Estrutura da tabela `usuario`
--

CREATE TABLE `usuario` (
  `id_user` int(11) NOT NULL,
  `nome` varchar(100) NOT NULL,
  `sexo` varchar(2) NOT NULL,
  `dt_nascimento` date NOT NULL,
  `email` varchar(80) NOT NULL,
  `senha` varchar(100) NOT NULL,
  `tipo_user_id_tip` int(80) NOT NULL
) ENGINE=InnoDB DEFAULT CHARSET=utf8;

--
-- Extraindo dados da tabela `usuario`
--

INSERT INTO `usuario` (`id_user`, `nome`, `sexo`, `dt_nascimento`, `email`, `senha`, `tipo_user_id_tip`) VALUES
(1, 'admin', '', '2019-05-13', 'admin@gmail.com', 'admin', 0),
(3, 'julia', '', '2001-06-18', 'juh@gmail.com', 'julia', 0),
(6, 'Leticia dos Santos', 'F', '2001-12-21', 'leticiasantos00099@gmail.com', '', 0),
(9, 'Marcia', 'F', '1967-07-01', 'marcia@gmail.com', '', 0),
(15, 'Julian', 'M', '0000-00-00', 'juquinha@email.com', '', 0),
(25, 'lele', 'F', '2001-12-21', 'kekek@keke.com', '', 0),
(33, 'ana jula', 'F', '1996-03-25', 'anajulia@gmail.com', '', 0),
(37, 'Juliano', 'M', '2006-03-25', 'juliano@juju.com', '', 0),
(38, 'Ágata', 'F', '2004-09-28', 'agata@email.com', '', 0),
(40, 'Robson', 'M', '1992-08-07', 'robson@gmail.com', '', 0),
(44, 'natalia', 'F', '1111-01-01', 'natinha@gmail.com', '', 0),
(46, 'karen', 'F', '1111-01-11', 'karen@gmail.com', '', 0),
(47, 'beth', 'F', '1111-01-01', 'beth@gmail.com', '', 0),
(48, 'luana', 'F', '1111-11-11', 'luana@gmail.com', '', 0),
(49, 'Luiza', 'F', '2000-10-25', 'luiza@gmail.com', 'luiza1', 0),
(50, 'Leticia dos Santos', 'F', '2001-12-21', 'leticia50@hotmail.com', 'supersenha', 0),
(51, 'Alicia', 'F', '1997-10-19', 'alicia@gmail.com', 'alicia123', 0),
(52, 'Alicia Reis', 'F', '1997-10-19', 'alicia_reis@gmail.com', 'alicia123', 0),
(53, 'Leticia dos Santos', 'F', '2221-02-21', 'le@le.com', '2222', 0),
(54, 'yunet', 'F', '1967-10-10', 'yunet@gmail.com', 'yunet', 0),
(55, 'saco', 'M', '2019-10-05', 'deus@socor.com', '2019', 0),
(56, 'ta', 'M', '2001-12-21', 'ta@ta.com', 'ta', 0);

--
-- Indexes for dumped tables
--

--
-- Indexes for table `avaliacao`
--
ALTER TABLE `avaliacao`
  ADD KEY `fk_avaliacao_usuario1_idx` (`usuario_id_user`),
  ADD KEY `fk_avaliacao_restaurante1_idx` (`restaurante_id_rest`);

--
-- Indexes for table `cidade`
--
ALTER TABLE `cidade`
  ADD PRIMARY KEY (`id_cidade`),
  ADD KEY `fk_cidade_estado1_idx` (`estado_id_estado`);

--
-- Indexes for table `denuncia`
--
ALTER TABLE `denuncia`
  ADD KEY `fk_denuncia_restaurante1_idx` (`restaurante_id_rest`),
  ADD KEY `fk_denuncia_usuario1_idx` (`usuario_id_user`),
  ADD KEY `fk_denuncia_tipo_denuncia1_idx` (`tipo_denuncia_id_tip_denuncia`);

--
-- Indexes for table `estado`
--
ALTER TABLE `estado`
  ADD PRIMARY KEY (`id_estado`);

--
-- Indexes for table `midia`
--
ALTER TABLE `midia`
  ADD PRIMARY KEY (`id_midia`),
  ADD KEY `fk_midia_usuario1_idx` (`usuario_id_user`),
  ADD KEY `fk_midia_restaurante1_idx` (`restaurante_id_rest`);

--
-- Indexes for table `restaurante`
--
ALTER TABLE `restaurante`
  ADD PRIMARY KEY (`id_rest`),
  ADD KEY `fk_restaurante_usuario1_idx` (`usuario_id_user`);

--
-- Indexes for table `restaurante_categoria`
--
ALTER TABLE `restaurante_categoria`
  ADD PRIMARY KEY (`id`),
  ADD KEY `fk_restaurante` (`id_restaurante`),
  ADD KEY `fk_tipo_comida` (`id_tipo_comida`);

--
-- Indexes for table `tipo_comida`
--
ALTER TABLE `tipo_comida`
  ADD PRIMARY KEY (`id_comida`),
  ADD KEY `fk_tipo_comida_restaurante1_idx` (`restaurante_id_rest`);

--
-- Indexes for table `tipo_denuncia`
--
ALTER TABLE `tipo_denuncia`
  ADD PRIMARY KEY (`id_tip_denuncia`);

--
-- Indexes for table `tipo_user`
--
ALTER TABLE `tipo_user`
  ADD PRIMARY KEY (`id_tip`);

--
-- Indexes for table `usuario`
--
ALTER TABLE `usuario`
  ADD PRIMARY KEY (`id_user`),
  ADD KEY `fk_usuario_tipo_user1_idx` (`tipo_user_id_tip`);

--
-- AUTO_INCREMENT for dumped tables
--

--
-- AUTO_INCREMENT for table `cidade`
--
ALTER TABLE `cidade`
  MODIFY `id_cidade` int(200) NOT NULL AUTO_INCREMENT, AUTO_INCREMENT=2499;

--
-- AUTO_INCREMENT for table `midia`
--
ALTER TABLE `midia`
  MODIFY `id_midia` int(200) NOT NULL AUTO_INCREMENT;

--
-- AUTO_INCREMENT for table `restaurante`
--
ALTER TABLE `restaurante`
  MODIFY `id_rest` int(80) NOT NULL AUTO_INCREMENT, AUTO_INCREMENT=19;

--
-- AUTO_INCREMENT for table `restaurante_categoria`
--
ALTER TABLE `restaurante_categoria`
  MODIFY `id` int(11) NOT NULL AUTO_INCREMENT, AUTO_INCREMENT=12;

--
-- AUTO_INCREMENT for table `tipo_comida`
--
ALTER TABLE `tipo_comida`
  MODIFY `id_comida` int(11) NOT NULL AUTO_INCREMENT, AUTO_INCREMENT=6;

--
-- AUTO_INCREMENT for table `tipo_user`
--
ALTER TABLE `tipo_user`
  MODIFY `id_tip` int(80) NOT NULL AUTO_INCREMENT;

--
-- AUTO_INCREMENT for table `usuario`
--
ALTER TABLE `usuario`
  MODIFY `id_user` int(11) NOT NULL AUTO_INCREMENT, AUTO_INCREMENT=57;

--
-- Constraints for dumped tables
--

--
-- Limitadores para a tabela `avaliacao`
--
ALTER TABLE `avaliacao`
  ADD CONSTRAINT `fk_avaliacao_restaurante1` FOREIGN KEY (`restaurante_id_rest`) REFERENCES `restaurante` (`id_rest`) ON DELETE NO ACTION ON UPDATE NO ACTION,
  ADD CONSTRAINT `fk_avaliacao_usuario1` FOREIGN KEY (`usuario_id_user`) REFERENCES `usuario` (`id_user`) ON DELETE NO ACTION ON UPDATE NO ACTION;

--
-- Limitadores para a tabela `midia`
--
ALTER TABLE `midia`
  ADD CONSTRAINT `fk_midia_restaurante1` FOREIGN KEY (`restaurante_id_rest`) REFERENCES `restaurante` (`id_rest`) ON DELETE NO ACTION ON UPDATE NO ACTION,
  ADD CONSTRAINT `fk_midia_usuario1` FOREIGN KEY (`usuario_id_user`) REFERENCES `usuario` (`id_user`) ON DELETE NO ACTION ON UPDATE NO ACTION;

--
-- Limitadores para a tabela `restaurante_categoria`
--
ALTER TABLE `restaurante_categoria`
  ADD CONSTRAINT `fk_restaurante` FOREIGN KEY (`id_restaurante`) REFERENCES `restaurante` (`id_rest`) ON DELETE CASCADE,
  ADD CONSTRAINT `fk_tipo_comida` FOREIGN KEY (`id_tipo_comida`) REFERENCES `tipo_comida` (`id_comida`) ON DELETE CASCADE;
COMMIT;

/*!40101 SET CHARACTER_SET_CLIENT=@OLD_CHARACTER_SET_CLIENT */;
/*!40101 SET CHARACTER_SET_RESULTS=@OLD_CHARACTER_SET_RESULTS */;
/*!40101 SET COLLATION_CONNECTION=@OLD_COLLATION_CONNECTION */;
